,yl_001,yl_002,yl_003,yl_004,yl_005,yl_006,yl_007,yl_008,yl_009,yl_010,yl_011,yl_012,yl_013,yl_014,yl_015,yl_016,yl_017,yl_018,yl_019,yl_020,yl_021,yl_022,yl_023,yl_024,yl_025,yl_026,yl_027,yl_029,yl_030,yl_031,yl_032,yl_033,yl_034,yl_035,yl_036,yl_037,yl_038,yl_039,yl_040,yl_041,yl_042,yl_043,yl_044,yl_045,yl_046,yl_047,yl_049,yl_050,yl_114,yl_115,yl_116,yl_117,yl_118,yl_119,yl_120,yl_121,yl_122,yl_123,yl_124,yl_125,yl_126,yl_127,yl_128,yl_129,yl_130,yl_131,yl_132,yl_133,yl_134,yl_067,yl_068,yl_069,yl_070,yl_071,yl_072,yl_073,yl_074,yl_075,yl_076,yl_051,yl_052,yl_055,yl_056,yl_057,yl_058,yl_059,yl_060,yl_061,yl_062,yl_063,yl_064,yl_101,yl_102,yl_105,yl_106,yl_107,yl_108,yl_109,yl_110,yl_111,yl_112,yl_077,yl_078,yl_081,yl_082,yl_083,yl_084,yl_085,yl_086,yl_087,yl_088,yl_089,yl_090,yl_091,yl_092,yl_093,yl_094,yl_095,yl_096,yl_097,yl_098,yl_099,yl_100
0,14.854493100700616,12.639132376688893,10.49156249596413,10.578984086471635,-0.38622236984293423,0.38622236984293934,2.739180897281215,-1.233910990488599,-1.6047317674569201,-3.384533756029837,-1.5548828505849,50.16364409859122,5.298317756630855,0.36610331557827164,-2.0700371335499423,-2.1930531908254185,9.708854256013318,0.8019630682233616,-1.6502171877664684,2.156773682668612,-2.4831269763382062,-1.028387262164241,0.9476941499506225,76.16219662510098,-1.9110403916249572,-3.929336852385677,-5.505835285544805,-1.758750559093855,-1.1389428501239933,1.9521346363745848,-7.1593163717626735,-6.120755073075316,8.14229190718443,2.919574220169527,-1.642261364353591,3.7049315985748366,-3.793991830968108,-1.4012278928605966,-0.9445695806775164,-1.029864151231734,0.06630913449213677,2.3245141918438628,7.740722605891387,-5.379226618685238,77.71494853188115,-0.9546605592363571,-4.538963622444702,-7.314600278382994,1.1832952588398917,0.058150689165681974,-0.05815068916567555,-0.9265889771184012,-0.36436924939842746,-2.334810170495734,-1.9908485248713652,-3.417335678153107,-4.172159272570438,1.7993307102214586,2.1385838416563105,1.4039315892592028,1.744742262504673,-1.0756263404507107,0.004608138653270664,0.8800944024688301,-0.07025809616030239,-4.924404111943801,-5.470941201464706,2.0294576501557273,2.3423460379339174,6.720060599256957,2.9287310819734507,3.4844323544538796,0.4076097078299236,0.18681037982861778,-0.18681037982861767,-0.18231815310896046,0.7653072602081978,-0.17723288216831973,0.503607259668852,7.26821570571442,7.268127401414293,0.8238702768564321,-0.823870276856434,-1.4110608826750404,-3.446592002758782,-3.4096718569415705,-3.11138197621585,-3.5514740747227953,-3.198866301315452,-2.9767764355634885,-4.723585415171064,-8.531618910435006,-5.666111993570985,-1.6177723287663273,1.6177723287663186,1.38617082431174,-6.9966176369021875,-8.352941308628916,-8.165379328829882,-7.081589978474094,-5.538660033499085,1.8167185591565014,-1.2303039701376892,-0.1072205813893826,0.10722058138938469,0.04459218107947198,1.8067196324701855,1.4178621364009625,4.635943649282705,4.362514177989651,4.2434401548847305,8.173953350820108,-0.5812369978335671,-0.8766462161213399,0.10003082958888997,0.13026426373873037,-0.1302642637387286,-0.1541472415810263,0.902304599444797,0.4826642569389517,2.928996799016092,2.356842044962088,6.481187240208794
1,38.42284446954352,34.373389113311035,64.69644019745317,64.66910856383616,-1.9213191590998757,1.9213191590998757,-9.211708418155492,-8.783866812732326,-5.868467170445158,-4.896024037772113,-2.316271129435467,10.18234026856933,-0.18771656278175355,3.207262751239893,-7.543848788668184,-1.235536984448811,-11.001877547089135,-8.173543207045777,-7.656054193765134,-6.1083742169911845,-3.2370566131611915,-2.1544719262831324,-6.667510296554602,12.604972267090606,-4.169860185299671,-9.265796779999107,-8.436964646927652,-8.593055328866914,-9.208589093130252,-5.42141474375925,-11.573795102171108,-10.6714008475948,-4.907568747600225,2.0132023626697735,3.52480855998419,-9.600458316191895,-4.968244623832418,-6.828980282600742,-8.142902505982171,-7.86598373184903,-1.241024684184466,-3.2405164118822944,-8.893340550334548,-4.587711177907817,12.493697369956978,0.2876624900521801,-6.921490382017095,-7.002664995676186,-0.9556884889187678,0.003907383587605796,-0.003907383587612596,-0.3287371734843306,2.561189082951607,-0.3927023187695959,-0.02204275305317291,-1.9072195517142028,-1.5419571053881989,2.250176715608069,1.4335001174671278,2.0082380743382564,1.5556770543848384,-0.5224907611847603,0.38440197870908877,-4.387433952917579,-3.84491344664487,-0.15809681826858812,-5.4693027734007185,2.6248322824835975,2.9743216809292217,0.8645205029155106,2.979340903185408,3.2461438154859947,0.15503240640500662,0.5268261261462145,-0.5268261261462214,-1.076957859479003,-2.418488389442191,-2.4188752987790187,-1.8663263143277846,18.850165541047186,18.85019505996746,-1.3296345626302941,1.329634562630292,1.8173490711642932,1.0137806887928094,-0.13402390648224435,0.7314653296133401,1.344209572170769,2.1035032833499643,2.8284211379147868,-3.672916746427832,21.299295843427508,0.6075035278838109,-8.370686961452895,8.370686961452895,9.18994290084863,4.7082876972847085,6.2482462899009095,41.88341117983249,39.4915245247955,34.91444217113909,12.292816536974675,1.8159514316715355,-1.4318967949220882,1.4318967949220915,-0.09655071640754516,3.865234114691993,5.3699706221758,5.609737544611873,5.903301772945559,31.82817020469424,29.650469186040304,6.498831826664145,5.972372603378114,1.137348562948017,0.7365006400797839,-0.7365006400797813,-1.6130691271224091,-1.120354039589477,-1.0970559010056768,7.424519446919069,7.863510367130408,36.941901234992386
2,0.937000861037222,-1.6264483490104864,-1.9246178582180056,-1.8828623576457892,0.18768897794265638,-0.18768897794265374,-1.1917111735561032,0.563154430502544,0.9256916133165296,-1.7228560803665822,2.051812736850867,1.4710987684313124,0.9321818418222148,-0.467434674925766,1.5746202093221873,3.2231593117621786,1.0427166044348641,2.827803257791676,-1.6611711411737622,-0.7156235000152866,-1.8516745876820337,1.1064338607556754,-1.3149274907047726,1.2635877260097237,-2.107753441577341,-0.0059558444240587136,-1.0014148895614257,0.5592924392810065,3.4483807939518574,-0.07604740622940574,-0.2810344829682035,0.07979360773228741,3.2845977957490073,-0.6310620307172721,0.055578520865201445,0.03384293698185421,-1.9039430404116873,-0.20611719785402705,0.17287543560874938,-0.761804112814472,1.2714377569338382,-2.3139908892341783,-1.0564683727044897,0.03868537141542197,0.443041666618346,-0.8902065448670337,-1.658451574478665,-1.4034482231038576,16.712456867043848,-0.43766040126707545,0.4376604012670746,7.346515322914622,3.3479551790576942,10.969249213283886,-2.3320340782300555,-2.041267043189986,11.49803566196934,5.729751439746407,3.2742524953870173,0.2710288993831302,-0.9191140627384182,1.703434876773867,-1.9592155850714799,-8.043509576199734,4.064262387817879,4.159459970648829,2.856605524155329,1.7584429798009356,-0.7779318016881528,-2.2293647042349116,-0.6119580002050813,-2.7955575506994004,1.4865192989161253,0.36428515286729735,-0.3642851528673055,0.34299661640133206,1.0383635758571523,0.13360568887178792,-1.3900638546167887,-0.8453526068168915,-0.8452395180764654,-0.05800317012329927,0.058003170123302604,0.7837136149135193,0.3371632851445355,0.22057469669335353,-0.8893394839455785,0.08503603967285688,-0.10310801961652699,-1.3113972917972143,2.9267053723169405,-1.1655757582429556,-0.6631470267603419,-0.2568429648392498,0.25684296483925495,-0.9268183969420112,-0.6635184717735387,-0.0926779690404169,-0.5721726504109326,0.8128144086291191,0.6360902001350655,4.827950101562243,1.7090957287078687,1.2742811430054541,-1.2742811430054577,-0.560970865450892,-1.0376969290466127,-0.7878674263018067,-0.6599983717640909,-0.8886110652095728,-0.9484699930079462,-0.6242163699384026,0.5134966351361,1.6512057215593243,1.5434778353505851,0.9338410229477646,-0.9338410229477613,0.5259155290521935,-1.3462521948703121,-1.356355005386301,-0.8249735753238099,-2.076857726137773,-0.6036913187704166
3,-30.02684926679685,-23.09229212134379,-21.505504210935275,-22.048639488875878,1.2728094195714768,-1.272809419571476,9.053310831613006,8.326912436785781,18.44419365154403,6.374049706343259,6.252977755283146,19.65302906534578,15.857321751476931,7.340313361955964,9.372287921773363,12.079421626796623,-2.815650067801156,16.002080428847076,10.246051585079558,11.919031688170136,2.2452606280031873,1.9772887210494936,-8.858782537284824,11.273382608228003,-4.699475164719944,-5.905389442871676,-8.925955124652415,3.920750225317844,2.6866837314064997,16.101035050498147,-1.2652674515620181,-2.353883327349729,9.662986606808847,3.60702784262726,-1.8285658794473023,-2.6158749133773127,-3.4724454866715746,7.329529774236343,6.246568902724733,3.0973971067907837,16.66200173095506,7.863765267829339,-7.2657758194677635,-6.073776846023442,9.599788421294253,-3.178265156582823,-6.708964585965524,-9.02038654014594,2.4534325597943263,-0.14570772225248876,0.1457077222524829,3.051922393454981,7.9508283469036485,-2.8556465535896502,-2.979906232214329,-0.697969677911086,-0.5275961013585742,10.141192053855875,10.468162208662669,9.222611980660647,2.890668581921341,2.4578893362444405,-0.8928725448892691,-5.862983207529283,-2.083154455772469,-1.5399889046003192,-2.7248425763109445,7.3077717338318395,7.068087127386326,-33.48316616984271,-5.005000700754595,-6.569436318894316,-2.4039899568867766,-0.5186850907252293,0.5186850907252357,-0.3379634889925981,-2.8804126371988295,-0.9782405552814644,-6.842103865587915,-42.71430060671409,-42.71480699397394,-2.00249333599313,2.002493335993133,0.6133988966371174,-0.143993635638566,-2.0878051136292943,-3.734207912439748,-4.045746670487671,-10.168519315628625,-8.805032731641104,-20.931250957037545,-0.03760633897360062,1.3101053068830595,-5.8507925976828465,5.850792597682864,4.449597468860368,7.7179349875220105,9.091501777831958,2.5392985538653785,4.313317431549961,-1.7837883556883145,-5.256401470853505,-0.15730485751654927,-0.6612262766925743,0.6612262766925693,0.4537900941845571,-3.4741371986526666,-4.813350447787068,-12.515055244045186,-10.852903074032422,-14.849331215627215,-15.15484058921373,0.36118990801844353,2.2308538052578872,-0.13413717766739613,2.523441492020883,-2.523441492020884,-2.9903676682703315,-2.5205375167811526,-2.0661762254790177,-8.712530325606869,-6.489988562723559,-19.30491374875938
4,-13.741330298066254,-5.043800405675381,-28.050648396305167,-25.94440145869054,1.0533149574066956,-1.053314957406715,19.07416169516413,14.79701807173229,13.07073041013364,9.41175900169644,14.84569708956138,0.28049006816607375,7.744862179455583,2.7485290790985317,8.013701552784228,11.488007852503776,1.7857614522912733,16.60216322812069,14.126251150538378,6.750090249977025,3.040062516778454,3.5589066003949967,8.042641198727402,7.589880336697066,10.172628758822762,9.269220653957847,4.9293671219004205,10.499697844808669,13.768429515489109,7.72703934959254,5.125936209287825,7.076495737734914,5.488794455723776,1.7923391293832027,2.395309589790055,6.30987612777442,0.2538572880666277,8.490113252156107,9.999824497057991,10.381213348239521,10.092634244038877,10.204354565297269,12.169788811504588,6.589712591319864,4.474368706113744,10.826273272196689,10.09963533205535,6.638814540937469,3.1132741536787507,1.4970904188845973,-1.4970904188846001,-1.606031649445309,-2.1230092093883646,-3.186562344306918,-3.179495950913474,-2.926998213869047,-2.066725354873638,4.119886882855692,3.9212537609939755,11.661152037215937,7.075995449402735,3.703941968670206,1.8449858324228254,11.872874940761497,10.359397292601152,0.4579399252880239,6.383310814869839,9.538828554815263,10.685508571702647,7.106580531648488,-13.023352405136924,-12.860866817570788,-2.111317641476721,-0.9373507630885071,0.9373507630885126,1.0553986219262965,3.888004939261227,5.840934849003269,4.3720270759188375,12.299186707659052,12.299334615575047,-7.6634656326566954,7.663465632656712,6.3524080812024835,12.964885576419746,9.726340318618677,10.531788128878272,12.743507702500358,12.255678005629917,13.208119554790745,13.44506912094544,8.975507376724416,-3.760929377567701,-4.949242548635483,4.949242548635503,3.441071982352782,2.0539344308927974,3.0245931471823955,13.990355032873197,10.90669845316046,12.033989667169374,13.4425020037037,9.69807048368621,-0.17064369608004273,0.17064369608004637,0.2781487550148956,-2.352777801955657,-3.3602397000308417,-6.487194033196061,-5.172895437928862,-0.721038092977807,-12.290554734800772,2.3151316202910617,4.561447914845846,-0.15663143398813764,2.524479999901901,-2.524479999901903,-2.2824374960395684,1.1427867820076925,0.3719722356315005,-6.294796718613414,-3.513768939489263,-17.88580813756358
5,-0.6476293288234563,-1.7426058912666191,-3.020541319473153,-2.4998478509264825,0.5766217787106942,-0.5766217787106609,-11.9091770141221,-11.523661723913134,-13.520253379086705,-12.972415061163767,-13.498411499824986,-4.538109309155262,-12.267394736254374,-13.095561810814115,-11.216750325483803,-14.000704629424185,-8.129988147652469,-12.206810287200748,-11.879030491751198,-11.260675007919126,-11.994441323384676,-12.887973454370021,-11.051631330545368,-6.154405217521718,-8.866318252412347,-5.12601572658359,-2.147231053604493,-11.73794379274773,-12.068255411851935,-10.959018733846367,-6.9195960821771,-6.910934117066099,-10.060259373900998,-12.77660301641572,-12.30245378975863,-4.549783950960398,-12.282160839938081,-11.454502601429262,-11.016806150271089,-11.220410844459352,-13.835555772729712,-11.987196097466512,-6.2684802733734575,-11.089814408030618,-7.039290358067655,-10.670231480123716,-6.332380490522453,-2.1207830802413383,-0.45766290000863713,0.4655410051810631,-0.4655410051810625,-0.0553438641069362,0.4453562080796438,1.9285560093458711,-0.21881720855692002,2.58228259070591,1.4611845841760278,-1.5852396852139146,-1.8055830161480395,0.03854855264474634,-0.049506760931333195,1.1172163794961638,0.95374976666157,-0.306271254400442,-1.4967715436668902,1.6316301210334043,1.2046924567339856,-1.9761057359405296,-0.757275228715898,49.40978189782332,7.182421216673137,4.99422070689327,0.31744161040921226,1.6004172935114684,-1.6004172935114753,-0.9671772523359794,-0.14239317947175192,-0.4153840918409309,2.846401578113224,-5.357657299112635,-5.357759787730707,0.9751559029216575,-0.9751559029216599,-1.5211783095292513,-2.9560850022849485,-3.6610257246909756,-3.109338491949416,-4.958854307168033,-4.324789881767264,-4.433965274180221,-5.406071540191203,-8.939815569788946,-6.308899843564858,-1.1090856776516378,1.1090856776516345,2.376431901762941,1.2248522246647646,1.7245807731195733,8.111071133569366,8.402946830455944,-1.2220363212891094,1.4722641800044907,-3.1662099873837652,-0.5718606076569119,0.5718606076569082,0.570470655870535,1.7446067966379117,1.8379185648697713,4.938926244224362,3.4521591057354586,3.1015553831151705,8.448581506573658,-1.5977816753185012,-0.8498827108442095,-0.29939928764531043,0.05140120161286257,-0.0514012016128625,-0.5346424286646787,-0.6730385436844455,-0.37007889226069274,0.6839995266169729,1.1378868866418366,3.7069844452189225
6,3.89766131320518,5.20494193471799,3.2633324380561857,3.4705500159521896,0.7335118796151402,-0.7335118796150812,-6.144931479411648,-5.532364511462665,-35.303937859400456,-33.27407535118082,-32.09496054528389,7.719805038486005,-31.533846298961898,-28.702853898059498,-3.7801100535442465,-31.969061958854237,2.117733681353601,-2.8921383044379407,-3.7770874907407297,-34.65041664293473,-29.93787475523078,-30.21307325519257,-31.44097735581052,-25.258817409575382,-15.536683101066734,-30.27817377247116,-33.83449535365928,-5.339712126579493,-5.969091655256439,-31.563725688612653,-32.15181454558075,-31.283575077182654,4.914224515965387,-28.418605791548554,-30.551430617964307,5.3904414401392255,-33.632827460915436,-3.767486041778104,-2.290007161658846,-2.345194180202624,-33.288785548540005,-32.111346095884805,-34.17770080729613,-32.361421567077954,-26.721838062014253,-21.458241763909395,-29.635433949533365,-35.50757298552557,0.30425379348764153,-0.22747131039526675,0.22747131039525786,0.034822904348741725,0.2534484686825248,0.06675506996054405,-0.6732587756941651,0.003881002788486006,0.4381588233654907,5.65386910552519,4.409803982536306,-0.7151875129083347,-0.4433913678865452,0.7023016966618266,0.42242576551082706,-1.2614236731021695,-1.273888349872199,3.072011134469719,-0.05512546810295621,2.7589155107234924,3.1299614483772262,-3.6592716500182734,-0.8773555395479762,0.90832455801142,0.0821277014982136,-0.03934339320067429,0.03934339320066879,0.07333230781028605,0.7362134215273174,-0.656837539695659,-0.45857219863305443,1.932614624535257,1.9322595059575975,-0.3075387329204944,0.30753873292049044,-0.23120844645166613,0.8554300026818119,2.722906675817261,1.4812242148886383,1.4739718979148704,2.5889970924798487,1.9940007551554144,1.6910930548176053,0.17923099082777053,-5.9251209408070045,-2.2110487595432695,2.2110487595432646,2.4168869769825556,6.707165743345387,5.950891441733827,3.2026639449378456,4.87788085320474,2.3242077650192994,4.405203982519385,-3.340530531335007,-0.9766110508595475,0.9766110508595431,1.3015343872262983,4.416169335430665,4.908669746775798,10.141026856455415,9.376604040864944,9.465218401192866,8.85382942955118,-0.2509210116982809,-1.2633639639211043,-0.7868572561720892,-0.9670020597114379,0.9670020597114394,0.3181389302730925,0.16028881897105454,0.36581087497514364,2.5873891844341594,2.05756617651825,6.257793164104298
7,3.687216770828935,-6.588830686680459,-6.454398197549282,-6.648331962488308,-0.2615082686080302,0.2615082686080399,1.3901372032771568,-5.056078068249038,0.6189234937975735,-5.179587170690081,-5.963745056811409,-3.6272839016695753,-4.199395283844742,2.282410126937698,0.5987052453987036,-5.046795960038219,-3.4919871646947174,-4.571156657730025,-3.4188026703376115,-4.338043911580682,-3.411219222838618,-4.176330201750239,-3.5348417250278965,-3.980880295524543,-5.365568870721377,-4.309117081404925,-5.8727838491482816,-4.45731899123544,-5.104237227209631,-3.986836792588226,-5.0860946364580295,-4.466067771787976,2.1408754077969596,-5.89443413041426,6.102137271002477,-4.3480209520598825,-3.648257219907064,-5.50048676037023,-4.459190134966935,-4.411899822862552,4.9105811417083975,-4.445009109494529,-4.87959191580435,-4.156941205147717,-3.699568174466997,-3.2612878732684227,-3.913202505648339,-5.827637805654269,-2.246299104138045,-1.0374071200644694,1.0374071200644719,0.27857247809960234,-6.086807234797487,-6.008373719427914,1.6101036011317553,-1.7875853826018004,-1.481570888377767,-5.21413236393449,0.20093552969615736,-0.0036763935779307788,-7.990722830657225,2.7621137483870277,1.1967690471412697,-2.672708890479975,2.398097761685852,-5.453421125988333,0.017940656054822382,0.061429604174202165,-7.097203031994799,4.919118139821178,0.7986801865396044,0.4341762032078549,-0.24832327160299375,-0.5912577746239784,0.5912577746239833,6.532068891931001,0.7214533597144848,-0.0607182415910849,5.894945157920152,-4.438156238841361,-4.43863018167511,-2.180875601300357,2.1808756013003565,6.172087690080201,-4.66286238190966,-3.505845287296636,-2.5972105771806238,-3.003541987473452,-2.066386815275296,-3.2077857723214205,-1.343306888049855,-2.97702635950966,-3.65938630730399,-4.562543077928122,4.562543077928132,-3.5764202185301657,-4.411357850773728,-3.5637549627024567,3.1499457820862906,-5.369205806435681,-4.909303446186285,-1.152715227107317,0.06904078676513846,0.0711679388294869,-0.07116793882948509,7.562824924654771,0.5619027299273943,-0.5853172833938564,-0.037241234127712734,1.0229354125087011,2.6579972690801617,-0.31735621531547037,-2.0979880257393333,-2.45874750282173,-4.236526749809224,-3.0114434607126834,3.0114434607126865,-2.77843449462595,4.367885050987985,-1.915798787138312,-0.7112641695924069,-2.623401091408845,-1.8377898681589322
8,-2.711605052161592,-5.636305918148743,-0.8547390494909063,-1.184371271398889,0.4419995300477405,-0.4419995300477564,22.768210620516736,22.80569690034859,19.995477343534517,20.64575024839821,20.82345318579662,-4.3718733855889145,-3.7007632829290436,-2.393129216356155,3.728047371309331,6.605782842186961,7.67096948624024,5.539214089885866,8.23871968707251,5.698538096886749,8.463139019433298,7.962983123837082,16.528665184323064,-0.15894222878026906,-0.17313841689880302,5.280359597379713,3.8649023547364196,21.087853774885005,22.391657647419443,19.478932363928458,19.072548388129892,18.156504409371536,-3.779487447148123,0.5235017260137689,-2.2587724460362413,4.211443835543841,6.463975232252355,3.1563804213271034,5.518184906344607,6.898002651786511,3.474768727341543,5.1260056938211935,8.537844685857397,17.135079716664613,-1.6695519599267006,-0.16936984000419567,5.15765876583648,2.6158451035206367,1.0024841981976478,-0.17564921216054696,0.1756492121605467,-2.595939616893487,-1.0523583153785712,-1.5733011410521338,-2.438691233243018,-2.037016299948744,-1.953478832945814,0.2016449709959533,0.092195521669059,0.22217947220352818,0.7531779658456691,-1.873180670262511,0.9521991293074421,-4.994150968654583,-4.050068378484935,-0.28901372051911856,-2.2206234030885597,0.5120169953141923,1.64938022697505,4.577375356604057,4.276026276374374,4.344847054985926,0.11275249777331807,0.4092644064587113,-0.40926440645870726,-1.1847679946102379,-1.5523356527408454,-1.1328503721779402,-0.35189874243208336,-0.9066293811722393,-0.9065596218273848,0.8074358564609843,-0.8074358564609795,-0.7287146050174708,-3.057293471224758,-3.1837321799140876,-4.664983586315792,-5.016074890308536,-3.994044390224827,-4.1455943800378305,-5.7174757973845045,-2.4839874247870513,-2.0544172407149563,-0.787268815755301,0.7872688157553067,1.7618470057162074,-5.0580551961568645,-3.475088061984077,-3.267775835425439,-4.2016130586556875,-5.52691371178657,-14.238029841906009,-4.272273135296555,-1.6237736115976904,1.623773611597692,1.1930065294659502,3.494694357150539,4.342398652687277,5.453207628723547,3.894425929294191,4.679707367913373,13.633079383329429,-1.4176564365164523,-2.0260940379190013,-0.6891963049768587,-0.8457749391225359,0.8457749391225329,-0.5689812634019301,-0.3006023592459738,0.807607610120577,5.051993418184863,5.011052239685177,14.874160171971496
9,4.369048632424073,-1.3839597792073643,-0.1581507754613244,-0.8079601921627225,-0.6697315347228241,0.6697315347228247,0.12150320003398407,0.13163507008270442,3.478020231135513,7.6557075096161284,-2.029485652286428,-0.908671999073025,-1.427549575205659,9.62443395406721,-1.564488488124928,-4.262388257642996,-1.0926523948200635,-0.5654249384963094,-0.5197415644977782,-0.5509205783670019,4.433430588475458,-2.825178291254962,5.709340472328707,-1.5612871629644214,4.249763710056202,0.08251824726334257,0.3055063003697762,-1.3870689361024708,3.953753945939551,-0.8659648000572363,-1.1263429567314798,3.285209290706398,4.280845924186896,3.7081797507268943,5.159693063406631,4.210165018328485,4.085025496798858,3.900636159920333,-1.4960337196692488,-1.686625893403186,2.032205315345859,5.714419089183682,-0.6934429801377506,2.7433769335996567,-1.773645087676655,0.46131438348916737,-0.8349646207113467,0.648639205691751,0.8862976536690061,0.24916072263037878,-0.24916072263038191,-0.274995089214078,-0.6801492950818296,1.249346980861927,-0.8529404132765244,0.9561525570202077,-0.6180983143074019,-0.7453886527973993,0.779393573889339,0.5649803242309454,0.9593980134498254,-0.8198205301099275,-0.20689774184295498,0.2438360019096074,0.5462708531058943,8.671881141886132,0.5006909479271833,1.0311098089773436,-0.14070242819073217,0.8022399870269615,4.637914019368146,2.9842706302033424,-0.20409357078733695,-0.19618041089361818,0.19618041089362157,-0.32113870829907565,0.3323052106221817,1.0148371912890874,-0.17423859767134073,-1.620180439450984,-1.62028577320683,-3.4959770038177242,3.495977003817724,-3.8737854571561736,-2.6788269747667397,2.2309065706723823,3.615372839479689,0.24168388734900254,-2.244768382257323,2.781536568618616,-3.277441396725888,-0.18486651393802464,0.4241849973501585,1.6686265032016967,-1.668626503201701,0.8159746988282595,-1.6773416871662024,-0.16342496430327827,1.648642158812436,0.16151517255173903,2.7398806057640344,0.17262223400352236,-1.704086682378027,-0.09696775990342077,0.09696775990341967,-1.1966098048117841,9.20936840975307,-1.5388480869581755,-3.316145864486238,4.4388995222423855,-1.2650643000657649,9.078848955033104,0.3163481615922902,4.257665314521209,8.406491920298404,0.6020057598899251,-0.6020057598899234,7.2122020363869,7.906689882865241,5.715969463728803,6.324365253446774,6.6513390222263045,3.6796358896776677
10,1.4852952944172968,1.3888593167481045,-1.8390174886759298,-0.9094733456634728,-0.46495582774691424,0.464955827746903,4.957298529175564,3.131479733093129,5.640902955983221,4.550988803370347,4.652974181308932,2.2252573347053017,3.049002162010965,12.06311202268626,8.074893067584581,4.835990836775628,7.205611081517115,5.378426002138262,5.924464064427799,7.146850585989836,8.254574892860417,8.361978857285457,4.667558318685208,6.578322055969669,3.448762922070299,2.251395948446906,5.095478471546849,6.202539191563399,4.691202003301128,-0.06283500473348942,5.20363043998087,2.990140953264112,8.305036881924174,8.939071073646184,10.845982207275336,6.491499458338024,13.018698794431515,8.213135239690665,4.638446706149028,2.581235727713273,7.228280964807804,3.926339540847364,3.2035100885241357,7.882513735021152,5.256915794447417,2.318676959373844,1.4611121207190834,4.421889629495476,1.1129718381662312,2.2747264104759903,-2.274726410475995,-2.8519214534438433,-5.8342255729983705,-4.425729674465508,1.804636688153463,-0.8810219977016654,-4.195450730612974,-6.0047374652991286,-6.014060983047671,-1.6820421444877762,2.993833043406955,8.963721485962514,8.307277483340139,2.4386877254982475,-0.27843851619315935,-4.89266416691671,0.33933615560276925,-2.8958566310535283,0.7801390913534483,-8.110877809091113,1.6215017214798133,-6.388781551774315,-5.440362885834893,3.994321590982712,-3.994321590982715,-2.986127405032852,-4.2627916783795845,-1.6395383005114026,8.347649491363162,0.4110557113677667,0.41259042917210437,3.5798949411949894,-3.5798949411949876,-7.362194257853271,-4.615769774846071,3.2856541487250452,0.6254980736064032,-2.523066280467129,-2.7641396772399514,3.8370942878614436,-10.447350138646495,-12.811532460260187,-1.905402860834158,0.05321553124245234,-0.053215531242444256,-14.08002916733294,1.8474217781642275,-0.14799026343579919,0.47847482387266665,8.595655827724954,-6.159587145968288,-9.310417607634015,-1.4224307213419043,2.6931171265205354,-2.6931171265205354,2.782906391045723,1.5750201384221603,2.4292608509240043,3.475102930574813,9.078214508613275,-6.534039594340983,3.645812312961958,0.2908115468003269,-2.1156666894959955,1.0694549262307336,-5.038548941988352,5.038548941988349,8.540256171276303,3.533927492571783,3.7200027760136636,5.228994704615649,3.2467002340526787,-8.333433276010027
11,-0.02039494014579838,5.823253507806869,-3.229075709165938,-4.531788820907679,-1.4233295680403555,1.4233295680403655,-0.5690123521238263,-2.38473307674568,-0.4076698937049471,-8.955835325338937,-7.69997832193395,-4.714852174465924,-6.702349572957791,-9.151105634243962,-10.892813813863093,-8.52074122326781,2.5620239519672077,-10.869177801197507,-13.378589207278164,-5.404515347310407,-16.68334174537708,-15.006335926562668,-13.006900113499286,-7.662163580914661,-7.229187479081084,3.677531151111757,-2.9453565362241263,-2.464737860787367,-3.5222237077696827,1.1693866831837154,-5.683681221922257,-5.082087855835217,-13.863124973363254,-11.093428561510638,-9.366421393068695,-2.132531713582791,1.4391540568341228,-10.117923493292789,-12.283875264621498,-11.74763373122348,-7.924971098928224,-4.53281262567403,2.31071720085455,-13.62734728205554,-5.901276778310471,-10.783990184053565,4.221504944734795,-2.5714427379138587,-0.47631959917587846,0.001151886750908078,-0.0011518867509058971,0.21193002687908039,0.5987241371232278,-0.5584601137983215,-1.3421855023147136,-0.48535822493553005,-0.8242987246234857,2.093814142183627,0.8069554266594051,-0.0290444077224223,-0.19438098801854448,-1.5882632096081482,-1.4251679313835333,-3.79322237029104,-3.7821046913596295,-1.516519917748621,-4.465923905064751,-0.44212768578212736,-0.3879230585544108,2.4509856326556925,1.5861933563648063,2.080704924785113,1.624065875551892,1.40388762821842,-1.4038876282184178,-0.9843019702416823,-3.4528876061169544,-5.013279097892269,-4.2646651780567355,1.3706419886184733,1.37063863139457,1.4641489433886512,-1.4641489433886574,-1.6866369557677778,-7.370309315055031,-5.456679517342189,-8.722735446622975,-8.97892197466881,-12.532935867767915,-12.437122764022348,-11.971472042549527,-9.728851163123986,2.3152711000775303,1.3104506067981627,-1.3104506067981692,-1.373188493854529,5.70176448164033,4.4115467729429145,6.050936153040185,6.235299639245435,4.404936963513989,-6.850187191318189,-1.4301851327138109,0.38100906687621366,-0.3810090668762136,0.2539623218350426,0.4603154725951656,0.2527254818300976,1.8206798844773344,0.5474451313487181,-3.8295980227678315,1.8878715852680727,-2.983329706568116,-4.210494169758712,-1.5459754877595087,-0.7141393884434039,0.7141393884434051,0.7789238644278099,-1.039548363264881,-0.6031322106399175,-1.9784636855852213,-3.2921536088490746,-5.044811888310309
12,-4.884927446848455,-6.290083732914269,-5.2832058982070365,-5.555963966473558,1.3141869530471921,-1.3141869530471657,-9.143458806864725,-9.086704676408635,-6.5597782178308615,-12.583224444158816,-12.96870013784765,-14.96572500948767,-14.641823911932034,-15.842103472986864,-9.124058307352335,-12.76036246660515,-10.607811057709426,-12.586630960916459,-12.239204109474565,1.8616165961058742,-11.190790008801656,-11.938114096170361,-14.090145697015448,-12.623148823744234,-15.626312420839074,-15.517360827275878,-17.96852356081343,-6.142667608133372,-7.008349151669622,-8.695560630279758,-13.98395181805745,-16.074801301225914,-6.080324581263379,-14.268440164808906,-11.963846606402686,-3.8222331915643544,-13.874546519176278,-9.46888651509508,-7.572814767530479,-8.840515800215195,-6.944032673197381,-10.352795947150986,-17.253974589200322,-13.80428245845277,-12.917374215486243,-13.825149704654294,-16.176955463186705,-17.63673920428861,0.01013578713732112,0.5021804059769734,-0.5021804059769723,-1.5368570223524287,-1.4372844207200535,-1.1636655621681071,-1.5230648662962154,2.997095165109633,1.0203881222481823,-4.75858890083741,-3.3689491446631568,2.8214974883843698,3.201204122396715,-0.9590890745462667,-0.5517404248363946,2.144839367833739,-0.14778578347697421,-2.0926499554048723,0.23067391982937113,0.75268624817438,0.19554722626830745,-11.316203617858704,2.863025286826465,2.1699560048146704,1.6959721647174733,2.3260483846123363,-2.3260483846123408,-2.920255381853765,-3.754662172958619,-2.711444660291729,-2.7923319121627697,-22.853374658645052,-22.85327206884614,1.2388614674368694,-1.2388614674368779,-2.553329756283309,-6.97822785723854,-9.23995908206528,-11.817014266730771,-13.335822032497171,-16.813639129748694,-15.898467230731347,-20.101946640313923,-7.871529637866506,4.984876019342043,1.8510832451576966,-1.851083245157701,-0.9913797613669608,-7.266180902200268,-6.621175561188194,-5.298264223099963,-4.013608963022668,-2.500253418882128,-6.527994432209303,10.612109591718747,3.7439144705539764,-3.7439144705539835,-3.6738010176883624,-6.334290131518014,-5.738087459146336,-7.474384592231467,-7.944418925950803,-9.448325799028863,4.54156222839159,-0.5086440304711856,-0.7136158317065777,0.6164708325136373,0.5623366656461432,-0.5623366656461419,-0.4412352589870376,-1.2775759865052894,-0.3727135211207315,4.020289122327511,4.116995483455356,5.78015235427543
13,-21.313401633681547,-22.761059436642253,-20.93266063013342,-20.959995073370923,1.2935284671075962,-1.2935284671075309,-36.931218047920204,-39.43888661022031,-37.151062716403366,-40.30733821184639,-37.63238651365486,-34.17927699655779,-36.334159153126784,-36.83773675717014,-38.153455212417775,-36.1020345397792,-37.19581134377283,-35.72145835119213,-36.30449787146766,-35.328540728048125,-37.484089922665554,-34.067644221215474,-17.05425437245334,-33.49263392290786,-19.908006644370033,-7.661195501942114,-5.005180497291819,-39.67681235088944,-39.12900467057101,-31.179982321728623,-16.033878336778546,-7.156356065346216,-37.94284476512451,-35.291336070566345,-40.671559732805875,-25.877708022971433,-37.60302980387367,-36.5983090696165,-38.30942535829374,-37.63439170977623,-35.92863995328957,-28.274534943951526,-12.792839110642966,-32.83588389884169,-34.3069653351756,-32.59890579120575,-9.075523956390692,-5.630019127144693,2.130618754391746,0.28897761254928184,-0.28897761254928717,-1.5581256213437993,-1.2704368259979706,-3.3447263908553237,-3.240223199820938,4.29942419971355,3.3351640987116165,-15.358602453355312,-15.305627751041976,-0.08292355715779845,-0.18990154203800694,3.7583773095655717,3.7387578729234767,-14.040018515067773,-13.962901324428836,-4.006004110056199,-6.034574061869001,-13.5233891472876,-13.282144726351191,8.06032500666588,2.741417437192495,3.0840812163781344,1.057354782131263,1.7786999005614184,-1.7786999005614312,-1.1477859818593388,-2.840428095497837,-0.6304523325842346,-0.6635106405613378,6.2570441690276875,6.256648767574202,1.0498129170721968,-1.049812917072206,-0.9134994759692966,-4.328648649338263,-3.9842362658864525,-9.663579282432037,-9.919123999122306,-12.164686191308906,-12.24639689730103,-10.687551108880063,-6.502833527719771,-3.6139368122875006,3.405341308547863,-3.4053413085478885,-1.2771846102931785,5.523611621168129,5.6421538855997575,-1.9858655762302633,-1.263086937924737,-0.7331065930446943,-35.018856597342015,-9.53641165630751,-1.3790493410111266,1.379049341011117,1.4166935329788863,1.6438523136997027,2.0217850274173093,4.507243975153869,2.406116100285233,-3.7406707872630824,6.796281285124003,-16.548247991206857,-17.82174983037143,-4.089197139511144,-4.2478066907807115,4.24780669078072,2.8602027302698168,5.905614606840264,6.715202659831236,5.85636315344113,5.445912613837182,0.7362369853323371
14,7.596393257475367,7.291563268877961,5.954530014608968,3.8267208710592677,-1.8057135057986258,1.8057135057985962,9.393716095337526,1.647861200390912,6.09777756110693,3.8962470356377183,5.1070540669420526,2.799252726652453,0.05742108918910564,5.715206145259333,4.525395820669289,3.4538233617612146,0.49065062399484716,0.9930605167087713,3.8165875860235894,15.204641444955916,14.72588127602974,9.788920467130458,17.064372847034853,17.035750155227955,13.885540834108621,10.29179424281752,14.225751752962902,2.7353183498091593,6.546399523154981,-0.9307058466380701,12.020090638274473,10.283840520218673,10.281472875916615,7.972325152716833,23.644829795717545,7.466079788444036,21.476156467789178,11.951749424930814,8.274653341771824,6.014453163354911,7.633353110208815,20.24513137174237,7.328002689209892,24.196778398088135,14.348830123892796,20.047231773550536,12.777507666987622,19.12844425758329,-8.189565572971201,2.133179439439832,-2.13317943943983,-9.350123665154332,0.33378129309348253,2.95858840545296,1.397676038465547,-12.491326389618727,-3.7692181081364855,-6.17504912451438,-14.975096230658536,-15.122095283562656,-9.248596266028471,8.146455840514125,6.0390907748735305,3.5788628549962795,-3.3602371110361444,0.34608036630643235,-16.432868149444978,-17.269841921615544,-17.819154322572125,-3.685760902092972,0.47835925266008433,4.318977269495972,1.8112202143618752,-0.35058519628091617,0.3505851962809136,1.4915575847295721,-2.682217016859741,-1.1416347070330917,2.354155031889069,2.548011629956005,2.5473762181572934,-3.3036550928911983,3.3036550928911996,2.5965906343050347,1.348544499674616,3.2659757711324384,11.381520991790625,4.698521222427267,7.239160940866924,6.727656869857809,3.4702932019234582,-2.024766468031892,-4.1368825348262614,-4.558286219973988,4.558286219973995,3.2547508053104344,2.109845444472964,0.3869149734410694,-6.114905962470395,-5.828555965902811,-5.0197094157725575,3.5239567896301183,-1.2313057368066427,-0.6068198973678987,0.6068198973679042,0.7407578912866956,4.202847961554339,5.692863124571364,7.21003574645196,10.746487706149344,5.374335567729989,-4.094028721265591,2.5652981714636223,1.0830803658382875,-0.5781489199922615,-0.6090297042780487,0.6090297042780456,2.287082567886047,1.2658288382608929,0.46738702477606875,9.954118591563429,8.118868058220531,0.7789939305905482
15,-54.4207807487,-53.18073726809739,-44.83761862552219,-45.23854248745912,-3.6019606386323297,3.60196063863241,-40.16193660231497,-38.26751297301679,-46.06859016850874,-46.58739494260197,-47.77939160564087,-45.553136687464026,-48.18472807383105,-51.098803418620506,-45.96945474372332,-50.16197541837345,-52.43235432028276,-43.63482088796873,-43.410300783044555,-49.61772411316587,-51.89709421966185,-50.40593007264631,-39.49395117625254,-48.73400777596083,-44.77625480658307,-21.31673744105919,-12.157604165871383,-36.56635460380416,-36.71178911764004,-48.37902204507733,-47.881065000218626,-39.936879971022485,-49.21928007274534,-52.410025892487496,-56.35383475894434,-57.11583170767486,-56.293902137099835,-46.515010672384165,-42.49200496192557,-40.00568139327185,-50.17465295584479,-49.888984942399624,-39.16193660686916,-46.08017137873143,-47.48628715578146,-47.8382355973226,-24.733796170608986,-12.88573900309217,2.1378651063455063,0.7620703671306185,-0.7620703671306276,2.024023960522614,2.630236269514191,1.1580131485652378,0.06652006205108055,1.7370348385525203,1.458179791447933,2.4796572155369767,3.5849942896599054,6.25351686170925,4.458082102311105,6.342602274752898,5.857307531710901,15.468571283212391,13.77926850247266,2.1629133640992726,4.17722070558656,4.31433683971125,3.709404769207415,-3.845693240469542,-2.0663055174566907,-0.34622363045590443,-2.177663079073703,-1.1853193196367822,1.1853193196367626,1.1525848972266741,8.199280564563745,8.310159354952487,10.63070333749227,-0.6076549506156701,-0.6072516725460261,-3.5958201460842583,3.5958201460842525,2.290185352802388,6.772030033120499,4.8480750967446316,12.131521758020494,12.20147508942752,16.4812318194325,17.855282186994017,16.040027182063515,10.736972200436332,-17.75400445372668,-8.734038057646721,8.73403805764672,7.264116703350137,17.067268197374727,16.498326423871838,-1.110819135116605,4.9783267048802005,10.696802714858633,12.427362170440862,-3.189407555096852,-1.9728519184478972,1.9728519184478877,2.263991821771965,8.560764141133928,7.041789473801717,11.652868397732888,18.88109435840462,35.919900804040445,31.203586004886983,3.56417074394165,3.8634757591934474,0.18645467616344208,0.6743604827877756,-0.6743604827877661,0.11997581509693914,6.097698019141369,6.025903749312395,17.692977479181547,18.40290380724753,17.1546422965591
16,1.3804455617931253,-2.1807425126156166,1.929871955133107,2.492832301812997,-0.43334141215433264,0.4333414121543039,-1.3682621221704647,3.3555946278428435,24.319615277457313,31.16783684957901,35.40237350680689,1.0177041217250968,27.913139102662957,21.73689543764555,5.175365000255781,33.00425008895898,8.553063447942485,-0.5792608136430707,3.9394792463109845,20.655080776923178,22.013684813689963,21.100164159409104,1.645857706582184,0.7841657193604833,4.950550677266235,-2.5741113810048333,-5.4693093486523425,2.4591514324384054,2.8941105764629986,8.825325174394191,3.1740928919951212,0.028460064111782514,5.64404786924158,20.45862998950667,6.616035986120329,10.49698628383649,6.667547003771549,2.775395696869293,3.9180259109473132,4.344819979224109,29.241452282426916,17.245561136715835,7.648254863698049,5.9425537623821985,1.406831469490075,6.153314754018393,-1.666443584483758,-7.531200621078092,-2.5796319213892103,0.04932109996577093,-0.04932109996576745,-0.6583473536976028,-1.0755350401615027,0.8154631717016446,1.3335743968600589,1.404032335984778,0.5922087343051062,-3.1996967926850153,-3.7985656597204973,-2.1525476947188635,-2.092235379619976,0.7487505420444894,2.1103449312396747,2.616238582691724,3.3279767912802085,7.2890386870511055,5.106832917123273,-4.233258218742771,-4.192055966179182,-1.6998220226170386,-3.14931743916291,-2.5630526188105165,-1.5972686038701733,-0.6222985805599757,0.6222985805599827,-0.49236837200778916,2.795764589010681,3.3397666021697945,6.016038220199496,-6.211517845132614,-6.211530208475756,-0.8541235555689479,0.8541235555689501,-1.1598973474472267,1.6317860415174994,0.8150093417008495,1.7851168770921122,2.102646818408311,1.0413896903703215,1.2685045887920534,6.794717309974739,2.138105139136693,6.561433629669601,0.4530431717433181,-0.4530431717433143,-0.3161616481950005,2.4053047028538046,2.9395878100020005,6.072298011536798,6.4837211913365635,4.726634587259551,6.4845556304491625,0.8188483925560954,-0.014959613955204764,0.014959613955207788,0.3766788128961861,0.4594441121562157,1.0353240687290644,0.8233850722916627,-0.777003561151491,2.1083452841042933,2.1528753394043845,-0.9795864321089599,-0.3928320656632077,-0.38745142367516255,0.7532273003086123,-0.7532273003086174,-0.9363450956279932,-0.7390580318381214,-0.5522555241562801,-0.31441534766717105,-0.06152917685638323,-2.419145090445922
17,10.83427243163256,10.75348363444638,12.365181455352733,12.716139147280195,-1.2697128920992895,1.2697128920993044,-6.444020358512257,-10.046261797578293,-9.013953646015436,-9.249106067793226,-7.729030729814675,0.7234951795663642,-6.06718318976478,-6.456591664872739,-8.541976116746728,-7.18184030726325,-5.960502908499125,-7.859370278633023,-9.4575586538256,-5.912883597340776,-6.7576792001481865,-8.904248819887291,-9.724137367843346,1.3690613811038377,-8.546528695058996,-6.838350752506612,-1.7347142063589396,-12.012646603196623,-9.857316825991786,-5.432393207149873,-8.590422222113517,-7.018597211607149,-5.883986081161594,-7.039716387892497,-10.564937869708306,-6.695785919779296,-10.56871333120009,-8.34973147536047,-9.396235271744409,-8.865371893741916,-6.071208422696975,-3.0285527913705854,-5.820740277555228,-10.375696620547723,1.0788018007863474,-8.190162804174271,-9.31908971903111,-2.9804626839929065,0.8569322396160454,0.630723174989854,-0.630723174989853,-0.6876889687733215,0.5858738566031909,-0.9161833668896378,-0.7374579702107402,-0.6640423824692367,0.13671680840917888,-1.0738028701758575,-0.7882299949470764,-1.7460337190590416,-1.2744523201363571,0.42449979724099124,-0.00828662008274134,-7.053328715832192,-9.870867419954688,-4.621522399375826,-5.50826607256893,-0.5418592514591692,-0.7805604598309557,7.666791887783868,5.368870268805116,7.141121788113238,2.0468107685580352,1.0072598359594516,-1.007259835959458,-0.8024333959649363,-4.983530550997925,-3.7971224090994484,-8.46202864218373,7.373145514664881,7.372992288312862,1.1174196449910334,-1.1174196449910379,-1.751784555752185,-4.324649979346921,-2.9854839669320934,-6.086290884928774,-6.730809076510221,-8.647124767164566,-8.81859195383336,-12.264454133802342,0.5193963442915873,-3.6421580568141683,-0.14313819820905205,0.1431381982090395,2.4276151942459236,5.523381461594042,4.718009529265713,-5.139747729435064,-0.9792985510079377,3.944545234234217,-8.331103123072317,-0.40807507945174465,0.4226542184810088,-0.4226542184810095,-0.053295271587102344,0.8526676859996051,1.011476786374109,1.9313669808550205,0.9455175750931033,47.64121267037025,50.58204033024512,0.16387251981429965,0.20987123987193287,-1.355171430556126,-0.7079554595076553,0.7079554595076576,0.3068594714893421,0.124427246006924,0.11823668916393403,1.8905619011269845,0.5645624448447385,16.811347867247708
18,29.30984886503458,32.03589543449465,36.91109177202681,39.48591729329595,-2.2267121959317984,2.2267121959318183,-13.8414489322497,-16.618838969100477,-14.287318414368578,-24.131700410739775,-24.48759000475235,-0.24177377414901857,-19.553708701338138,-25.87170404557879,-28.726704626735444,-25.23605373285265,10.854971242455907,-13.624508140959074,-16.31794072247809,-6.080855307324209,-18.42441816640305,-18.287895168689666,-13.327017152371331,-5.1317741868176725,-10.785560631743216,-2.6117864576006116,-6.54371234000555,-19.934381190907814,-14.47776847355694,5.573145663042499,-17.709506253913613,-12.982067211109754,-14.702695247784828,-30.012526660988033,-22.84551201116113,-14.264381634437141,-20.97277750722634,-32.80506232710082,-16.470513244546137,-15.13564713887819,-10.814173018954175,3.0908852168367473,41.38285914861059,-22.67615313263537,-7.016690432031098,-17.655716710897934,-8.09268129071814,-6.034739721724212,2.556711123092571,0.5804509910971936,-0.5804509910971923,-1.5569752262764183,2.014677326458991,-4.087460669021318,-3.3813597788104515,-5.601607524658527,-5.41046337114314,4.718618184755039,4.580445479646817,5.5027454506661835,4.834458475454807,0.7919454293961793,-0.36068117071779676,-17.735503031390834,-20.076932928849203,-15.632112927367633,-18.424468429127323,5.804362119815257,5.39115794750437,40.441918361891204,3.578613048600593,4.203858944740515,3.60958088907182,0.7211980723096941,-0.7211980723096968,1.8227445769188098,-0.13469428575591755,-2.1236574694059276,-5.096462321241087,34.91743456004895,34.91713662847767,-0.5241399139721948,0.5241399139721836,1.1205427460123432,1.2250322890071887,2.7000659324896317,-0.3951852499702936,0.048225929353559814,-2.7799945483897153,-3.5093669906494847,-13.420517256014904,3.993639811940838,-7.0594711337680325,-4.1066251714253905,4.106625171425361,1.198654162485873,24.22758490329819,19.200804535169393,-15.352988904098913,-15.82875005509258,-7.5196319407292895,1.5433133578140896,1.2974842813379899,2.7452289310233,-2.745228931023299,0.5344295465185422,-7.167213189352631,-15.808844729760903,-6.006403191043397,-7.018469145332575,-10.395658633129209,-22.37989005111274,-0.2964261423578138,1.3105431226131663,-0.7244231325629462,-0.9248604104330744,0.9248604104330838,2.562783097780674,-0.9551450239459284,-0.42243094810735077,-7.491218773306613,-8.460069488074064,-25.315650518932323
19,-21.049284424853955,-19.591254807517426,-16.526430604284894,-16.43399564552174,0.4313160886218785,-0.431316088621878,-1.7459666213008223,5.940616693146719,-5.678797837577316,1.7093038809016157,-0.25873520131178096,-1.5012766550805707,-4.489746321074111,-7.956362849264909,-2.3621160504368413,-12.345477572317169,-3.707649325130351,-3.0626956824774774,3.250464112470075,4.92931201314115,2.0112343306915172,-4.55786039951167,-2.9036581512398962,0.1109968815046105,6.370357531477214,6.931569310857613,7.688413683269776,6.085280278605582,7.758678845964462,0.8246504956516608,6.596639683601433,7.772630665836705,4.517377566131674,-2.73760826281182,-1.5135784121706182,-6.160779362635213,-5.041138163126962,-2.6292728452385945,4.815878446768449,7.377488142859607,3.4788840321582284,3.1348939224509076,5.181152848075974,-5.586811686500687,-0.28029514105899367,5.367431544706187,7.554824731086133,8.530630376577223,2.2731306864598744,-0.425064264761512,0.42506426476151626,-1.5380372153383142,-0.6358830628037525,-0.43661061711889726,0.8786137596910514,0.8720423494431465,0.26676000897627655,0.6749483228200207,1.7930519041662627,4.181803182790901,4.2980403536018335,2.350171454292609,1.3818181288891367,0.2499919067504612,-0.41869734006732356,-1.5753688376814614,-2.2638680298723624,2.8626716217640142,2.0444956716383276,-2.0930622438948996,-0.5217647379362617,-0.8759798142739039,0.15312843386279804,-0.007453290126781341,0.007453290126780443,-1.1108424976149283,-0.5292722942827451,-0.38972673947759606,-0.8965946510621117,-0.26119226355251257,-0.26130590389889125,-0.2865728010996889,0.28657280109969063,0.7746867377168387,0.997559632468381,1.0207889549038338,2.1345218880281513,1.8776894377816369,1.4793538950380585,0.9188424661161283,6.874126082105132,-6.574978148146133,-0.5554015300023504,-1.9056376428663895,1.9056376428664008,1.3573541526143316,12.093810348346354,11.274430193993895,5.6682021152400734,6.210740909023825,4.469546967799656,-5.73489594678494,-0.6103882503894758,-0.1007415156573788,0.10074151565737748,0.10343966198063127,-0.45089231412531616,-1.4936102531118196,1.1098590055745077,-0.7691175618226482,-9.839532625768884,-5.1301629949189556,-4.000526797446156,-3.0370127232314377,-0.32710910808583543,0.0751629157709791,-0.07516291577098105,-0.18184701822931443,0.21581882407453035,-0.45024231925638913,0.6419778628825634,-0.6517490755367459,-7.071424357978763
20,31.04057251423432,22.810277935627617,14.159126850479877,13.976902532634572,2.8293688587744446,-2.829368858774427,0.5965963877534901,-13.521961929034267,1.4772096941786883,-17.013427199883825,-13.552635123256566,9.007371635545887,-1.9137775696598274,-7.198457072160727,-11.475697798540931,-2.9957392383243167,-11.04373101757855,-2.7834352422894617,-10.294661077409195,6.737982245035898,-11.474004564623206,-12.223602464096226,-20.52673883026938,-7.162748504651358,-12.630585391889264,-13.581235110931601,-14.125712269716127,-16.627885599847264,-15.03771390712198,10.81989922899244,-7.684182626401135,-1.8534274097245111,-7.000604924038255,-11.088282107330713,-10.432953943800923,-14.072274287264491,-15.514773693604694,-8.697766818404716,-15.233883545578134,-17.643087054247413,3.6326338408856556,7.849492032543431,1.6501625299492217,-21.680284082411696,-2.4864680103450114,-13.023920217954627,-12.571456643003943,-12.097637388242134,7.96671605316845,-0.35232573548043916,0.35232573548043944,-4.074749400333455,-4.052014436203867,-6.6002945343275,-6.872402521994505,-4.313756459002118,-4.45019571908614,15.810504779937439,14.907356046604585,7.397415346613081,7.1209941014196865,-4.8126068838792015,-4.630844958725175,-13.543320201934122,-14.272268208801712,-8.750686361016713,-8.846060134057296,14.267043424561136,14.96011504437627,1.2715988355010106,4.3109271524427,3.712878265962234,1.1901164002666509,1.5553936515657654,-1.5553936515657663,-1.8417839433218919,-6.072677883210428,-5.0668568841678985,-7.0516892839346585,9.658228287819291,9.658544276381647,4.427428712189392,-4.427428712189399,-5.680174041975554,-9.447949003939907,-10.48991994479356,-11.238319763871155,-11.247367038720483,-3.1967153191087663,-3.6193155403091914,-22.017302380233883,-17.8294155966023,1.2859252621056472,8.527156077072243,-8.527156077072267,-8.300928451121546,-1.6164083160514051,-2.348271270145117,-16.807581064232238,-16.099242875801814,-12.686020007495653,-23.133978924627847,-2.6459065691924963,1.273114378878402,-1.2731143788784045,-0.06275450147038361,-3.14250233953953,-4.057037141765784,6.018509284399212,2.3463355639141286,-20.012190274812763,-5.402442088048924,-5.906313412771358,-4.858269211662992,-0.8033902407811631,-0.2511300907872924,0.25113009078729587,0.2067206549786323,-0.8431043436968519,-1.2282010303953008,-1.197735308845674,-0.9770849044977604,-4.569765945616722
21,6.295072662296191,5.362609528719269,4.677645274665216,4.489400394538656,0.03860088376431123,-0.03860088376430711,0.8096987025149872,-2.371032248232681,-0.8808386148617017,-5.249024454646789,-2.830591624899267,7.415733664028091,2.062682405953898,1.5491807861489144,-2.409845814901274,1.286990945886752,9.264147662295063,1.0278010454612965,-1.7079604882153918,1.3303388520626165,-4.318505592482957,-3.6238848913728,-2.614482040855532,13.362901151256107,-2.5587321993344414,-5.175149195022127,-2.905295055056209,-3.3939201951373033,-3.6131561790581728,3.4438926842976723,-1.4343409812788195,-1.9773448855357667,-0.252343338501093,-2.4456826051482525,2.503073331211623,-0.963229629748049,0.11101809749173434,-3.034826510233183,-2.7389724104954563,-2.010591862621296,1.7791198665964156,4.067398821335331,5.08947359361887,-4.040299097908696,14.35815965464599,-3.450136710794698,-3.8128769167715375,-2.626405468204277,-1.3268051553792124,-0.5785367350524291,0.5785367350524321,1.0734783365398222,2.0341788445613833,19.192437511331644,20.46081394403066,16.287626790121266,18.570538990629547,-0.8253302004109488,-2.8378948945246347,-0.727576744263218,-2.2355515615420707,-2.07675887060911,-3.064178587788284,-8.924914530168559,-8.874899022242037,-8.203058474829803,-11.288226744918088,-3.096726871090162,-2.327409263848984,0.3728401584387399,2.0369045975851128,2.506131393557196,0.7452997213019521,0.5059457094621681,-0.50594570946216,0.39931844093748475,-0.5683775339390247,-1.4091419576601287,-2.7838225411619937,-3.8830085218236023,-3.882343772570472,0.1234291131627074,-0.12342911316270574,0.09734747606885205,-0.8989607873136658,0.3502307654312411,-3.226018928626412,-1.4940820116385949,-1.91766354259577,-2.9652057489278487,-6.12600834914097,-13.164688299090766,-3.860772487760127,-0.9904349708885918,0.9904349708885932,1.0198220082828189,-0.23704291067544492,-0.9553984366654982,-7.005645312319302,-6.711842076688196,-5.957328071217855,-1.4997901247310934,0.5348716961188176,-0.5751145601816087,0.5751145601816108,0.21076808650773587,0.6400791518728941,-0.17940469344790616,1.16314140575155,1.7362983766233746,-4.40992303996459,0.37397165665384513,2.2168705101309407,2.10943796207077,0.6314772899606982,0.2832970403694266,-0.2832970403694266,0.32707955945773676,-0.7392859885820225,-1.7746399274948026,-1.4543645071038211,-0.45638474336388835,-5.111127058674282
22,-1.209140451315615,1.036159561895389,-0.17016050970895083,-0.6661089029881195,-0.27407290138242857,0.27407290138240953,-7.703209849331018,-10.404630218194862,-6.060160356134289,4.121647752015233,0.08335134446414441,3.8203569805574453,8.438095551491147,14.459960664137519,-8.542865632884302,9.218775750809161,-1.0032337555397721,-6.300617692706126,-7.906570291721606,0.534076478974199,24.817493556921146,24.38413626726219,0.8809374597094551,5.212041460796915,18.10169158765554,0.6330597316236249,-7.71531421459253,-10.48933275129114,-9.867855863356615,-3.993136019158685,-8.155320172009622,-7.817369058546934,-2.7455628384542385,22.98919075504224,29.24367854065961,-2.974137282381377,17.79627338073254,-8.591650408405926,-6.847046295904008,-7.035015025002431,-0.6423877752974048,1.4355940443627135,-2.98465337139114,7.014132289259511,5.129606980148131,22.50661380038019,2.4051441717096016,-8.505585907902336,-0.10227151004038364,0.15032805548304815,-0.15032805548304815,0.24356876440499317,0.5505591652545211,0.5403427004301884,-0.08182841079032409,-0.3453268670690856,-1.4175617744159725,-0.6366309178127492,-1.5763132431818696,0.5589863912975406,0.08168212805790201,0.26729040494117906,-0.10875987539634498,-3.494060496296407,-2.6465697989832493,-2.2955441550422315,-2.806922919092965,-1.0385041774709214,-0.6938449626807334,3.3115793624944674,3.262952196536613,4.019336272994442,0.7361601449185533,0.6516392030100201,-0.6516392030100172,-0.7986909715086474,-1.6811002219258817,-2.7771860787802995,-2.2967954644991937,-1.6803222468394678,-1.6806185209164863,0.6528465880361012,-0.6528465880360976,-0.29739500657814694,-2.212330441257183,-1.4077147557873033,-3.653952933000406,-3.7033709395260117,-2.6729493239334845,-3.795257591793004,-6.999148629864663,-6.127081481543984,-3.434874892980553,-0.27800662343363314,0.27800662343363297,0.11093940297122216,-0.7142278502195366,-0.26471687080720985,-5.598685861344421,-6.2571822305117015,-3.123771294207631,0.28446209346495155,-0.8129095197082586,0.4311989608712772,-0.43119896087127835,0.10636977171205551,0.425669316204999,-0.02288204733427546,1.08658199014911,0.46107192261417596,-0.5231319146910054,4.755248518764467,-0.4088223784770543,0.4702197380272892,-0.2860662536991682,-0.2036517702904201,0.20365177029042172,-0.6010319725340024,-1.04663433243271,-0.7553531146773745,-0.643480406617119,-0.5638564431442352,3.323827498788321
23,-6.377655600581802,-6.3452538711613276,-7.328195191678251,-7.192380736320022,-0.9078607093857096,0.9078607093857146,0.0017431645765860495,2.4095491300777034,0.14596953428361378,3.9034001142753407,4.042378794472085,21.94201214543279,-1.2554575408652198,1.374105505771529,1.8479222007476797,0.7535743249048459,-5.440701566645614,-1.0435108504712522,0.8623245310806797,-2.247124491118524,2.8320464483876044,3.95399473304811,10.514475089364142,-10.888607163453575,5.5718212393400925,7.53134576343801,6.9762508797914276,3.667292315303331,3.428675192680067,-4.599252086782747,7.331286172459608,6.042358994146519,3.7912726080110697,0.4805124823181605,10.638035491334216,6.466987425982101,8.790705581959672,1.3219193553760005,3.2459994527728937,3.762554487960205,-1.1638378984933258,-3.311156669107336,2.270896691742667,10.254107469465435,-9.749114562930293,6.103323697672166,6.293778806347449,7.565581513546881,-1.7101205297482074,-0.3907500570523056,0.39075005705230403,0.0970407326811696,-0.2078904358321194,1.0278378943222555,1.3097793976933612,0.6647727445321088,-0.09103762341872557,-3.7881427879839307,-3.5125411466191934,-0.4694350134119432,0.021000424900044282,0.7765854472138638,2.1907579122357985,3.7785357632845695,3.9295625486892165,2.2526941365273485,2.7609373046988566,-3.8324811415419724,-2.567592750401555,-9.423108455334647,1.9303187766504861,1.9932104144710483,1.1947397889721945,0.3405036537155548,-0.3405036537155485,0.48063780047388016,-0.6132725112012485,-0.6123730082568176,-0.45440756985226644,-8.945964044746455,-8.945942435371387,-0.5376829634979805,0.5376829634979803,1.0991990270373502,1.042810843326031,1.0686011381519345,2.3234395322904735,2.150899897386409,3.7906787561699518,3.835286533606192,7.7685982208001345,0.8328738405938028,-3.8207532685471524,-0.5218387690657104,0.5218387690657109,0.4452964906247057,-4.08837493275744,-4.446852383863189,-0.6100454488378619,-0.3967100724812535,0.5915913202297637,2.4826234631129203,0.6954526971840329,0.857712583070072,-0.8577125830700691,-1.2872672519487747,-0.6537837797370992,0.19212797052474748,-0.031676411035631846,0.30044908583380625,3.3225996534944735,4.16329113014116,0.7738280657731577,2.1094388177512013,0.7690154534781356,0.4094038314568894,-0.4094038314568909,-0.087904837831577,0.8602858707381876,0.7133389574873477,2.4921000616872337,1.4184243596064603,5.2420078308249725
24,6.278548112514795,2.085699208933526,4.922290757070277,6.3517022642860335,-0.6996784562680862,0.6996784562681206,-15.268111827025553,-2.327501931138155,-12.673818811614211,-5.746805084171945,-4.372269066735962,-11.808330296779825,-7.154867428880204,-20.33760959908072,-12.201508436922998,-10.300962264839299,-16.12987208349363,-7.8200571803030074,-5.490205509785956,-26.250406210666576,-20.486705731576894,-15.316907907500541,-13.972900352535016,-10.9234577503996,-12.08689611714731,-13.670639375741231,-15.64341907338347,-8.915182136719633,-9.771212944452323,-3.708430413686581,-15.92968937745866,-15.131374416481997,-15.423465194819029,-13.814986767458626,-15.40104480121036,-18.387397203121978,-25.797442253190876,-16.096848257047633,-11.295828349268666,-9.324385480305917,-12.499853288990323,-15.383928240080476,-9.427472005625765,-13.645701783995635,-9.640087891629308,-7.945198243568024,-11.286199218366841,-10.569742838249786,-0.1715469417814532,1.3230947907412012,-1.323094790741204,-6.069338281782718,3.2537526724938335,-4.867928816596651,-3.4041721811933594,-4.642238902465497,-6.136671146334364,-5.176962380712584,-1.508852897992401,22.327532072835687,15.231292613302033,6.388278208439708,7.340613931016998,3.3976189853382888,11.172187157991567,-2.6895176707850594,-5.239279143854034,-1.8787839342985333,-2.1495761775927336,-1.854121083306958,2.6328392385524824,-0.7060307343131327,-2.751052721357108,0.6874981757003177,-0.6874981757003179,-4.329296665167992,-2.2822893869389698,-0.6938297219478147,-7.995753336109507,-9.878555567821811,-9.878279820243694,6.921201447185473,-6.921201447185487,-10.509127007333186,-10.841643125834322,-22.108954829449463,-14.423911462976369,-10.200227475023295,-10.198766820677024,-8.747112516133992,-14.437521941147955,-20.579802716775074,3.531477335710778,-2.164217849637449,2.1642178496374447,2.144987506278242,-2.3043462611016516,-1.8726230745361805,-5.501796809332701,-8.501131866548551,-8.575567143515103,1.4485412557945192,6.245054555714732,-1.2276563243855474,1.2276563243855416,-0.37697102651459646,-2.442766203441199,-5.531271428394316,-3.9273361947592154,-5.650775671908386,-17.611973833071172,-9.48207106183833,3.9539865211293796,8.920378018616738,1.8149966059269325,8.226197609572798,-8.226197609572795,-7.426384933733701,-3.0748827759940798,-4.68602095564384,-4.519076771195087,0.9588174635049087,-13.179124911428723
25,-47.33806412915052,-48.55395734928534,-43.87381498497237,-45.265546673312386,1.2473225689549428,-1.2473225689549534,12.701212957771636,16.439879974840103,10.835940557846149,19.631694343467927,18.731304373859913,-28.652937149046988,4.543829347933874,12.325288590608041,19.176366442821575,12.706066963153834,-5.482652326433082,10.723285952822284,15.702310395995623,3.845321029917263,15.636301290360183,15.542279708671359,22.992508736070913,-14.982019765159404,14.657167117563057,12.18879564176758,13.30792953662803,16.378724222440468,16.99524079593375,-0.3872784783403592,20.204307263305537,17.759058846869095,12.115025323083719,16.0367467055465,15.012206257595532,16.492528588499834,20.26690795230763,19.911837746156884,15.867253874269343,14.809352101991527,4.678622621611513,0.483994190203674,0.756103671095562,21.70653814473055,-17.596774753338593,12.178184755278592,11.283983835744527,10.287747174472768,1.1337965234756022,0.14638846523411886,-0.14638846523411864,0.05833504281985998,-3.1736572337448967,0.07007059515486254,-0.7447001596882924,-0.20794690728756934,-0.09860719092260314,-1.417573258629327,-1.1267043259313656,-6.550550526650395,-3.736047312300631,6.242155089803004,7.4757900659288445,13.60593734653881,11.986179651332865,8.454010494633167,11.63998229386382,-1.106986274177145,-0.6699011197225939,-55.8414345734535,-2.1984407398194428,-1.5571385086086444,-0.5547096880111374,-0.9850495586050005,0.9850495586050008,1.4257423107597917,3.068720201470386,2.5236649944443434,5.1209345993607815,-69.18750302735148,-69.18723702579982,-0.7779133478191432,0.7779133478191452,0.8648156800714283,4.723810553694499,5.801125945908787,8.576505892378716,8.809797203095062,8.248483667192469,8.253264910787703,21.268663773304354,15.69021052938652,3.882824054493483,3.7632495741634546,-3.763249574163436,-1.9340175318473245,4.270422630676386,6.011588275509634,27.035203955958536,25.69855500175585,20.88990650647727,9.646420523465563,-1.2464440123768092,0.8335813465167716,-0.8335813465167733,-1.1709913204228952,-0.42000445838761363,0.819328578213392,-0.6796184431330154,-1.463120852519572,12.77221289349401,3.052705443248515,-4.2927361019197185,-3.487275097630821,-0.36547246580789433,-1.02945457999641,1.0294545799964019,0.32678813635565146,2.0474834800337636,2.177624266383889,-1.0387079777975206,-1.4810215292799205,0.4690943030886402
26,-1.0753776346883164,3.071998098715453,-4.127667595208087,4.53409697919734,0.5389422996459675,-0.5389422996459692,5.104691527331391,6.808919538153097,5.516205868219253,-0.7870304734447268,5.4998095319470695,-2.9748572826476964,5.0590658439483525,-5.522163115583124,1.2950027798177446,-2.3814372522284666,4.696203757386495,0.3941971843012872,4.87376638386846,0.22127999384614586,-2.3181367824635313,3.583401575658659,4.5816698794582,-2.656419191244461,3.517467939678171,5.691841807049628,-3.3060285719917566,-2.824242575784391,0.4552585832960935,-2.9338557211977716,4.184460823481043,3.3319408279656706,-2.721897126915087,-3.906290876805601,5.133608794718586,-3.8820285488459016,-5.89333705364486,4.865323381098593,0.8748003195993315,-2.338101477761416,-1.9411213753033916,-2.7874626748692113,-0.9017786753409993,-5.866422829626526,-2.334574272230973,-4.278558089247676,4.031811266373821,3.490309620216075,0.342007494881928,-0.8375348634326609,0.8375348634326651,-1.998036004358239,-2.581051204260606,0.21784286090389768,-3.2548229601823717,0.43696955369613905,-0.3106227329317795,-2.7153833086011616,1.5237063644242304,-0.09334598730524396,-0.37616520150188365,0.35457997735867397,-2.978134991419261,-2.558348348657487,-3.2146565192148935,-1.7720848832285034,-2.3885520529533433,0.036556751681657416,0.44552792000396224,-5.725806101367403,3.072846785134285,-3.0876967598854286,-1.754972905168982,-1.416278821223876,1.416278821223876,-1.838269177749068,-5.275371894990359,-5.197069893812704,4.856576685020951,-2.676096291859688,-2.6759815333039527,0.04972391382764523,-0.049723913827648236,-3.4036456339422854,0.32744413174118714,-0.4929328872110994,0.1672531917958631,-1.205614496416792,-3.4521652995836085,-0.8777099443598777,1.4732749750872653,3.46873240809823,2.5923635049765092,4.987383099688047,-4.9873830996880555,-3.9635494455716676,-6.066629818812384,-1.4124049545103654,-4.2474428720590245,4.4472136614537146,-4.8163665936272215,1.0479732045538714,1.0792011809392588,-1.2607616209238481,1.2607616209238448,6.715948769016479,-1.6341968437660344,-2.807590960575344,-4.315010971798221,-3.7870292962972805,-1.4074447188838302,2.5729929184583296,-2.037974531904133,3.5637066151342176,-0.7528093929868438,2.23861193777915,-2.238611937779149,-4.68520397462108,-3.7017561214283146,-4.556867788850439,-4.755327468557069,-3.7091007762677752,2.2726273735286235
27,-10.751464429310456,-13.664662686945434,-6.61522799623225,-5.941754277779059,1.2012489454129798,-1.2012489454129645,-13.271376010960388,-7.635798256769649,-14.003933371882736,-10.437006665487154,-12.923774318203698,-19.562683542637973,-15.043712534639678,-17.097036665308657,-11.039275615438294,-15.848275595386289,-14.739505616832716,-10.356840687129095,-7.9748450186666435,-17.089751145986217,-11.996967995188715,-11.786848103257547,-10.166811248248832,0.6919947104207985,-5.930888087391681,-6.471249209472795,-9.757706448286374,-7.84328605752756,-7.525051988982939,-15.883961756567725,22.900819397230872,18.97167786179837,-13.557081399198477,-13.017377743881342,5.311694183674509,24.74818095506457,13.490784350891182,-12.171064640861616,-8.440358843006393,-8.098132392075861,-17.534279674718498,-17.348886088387005,-8.281772441619726,-10.694920543700421,-6.312475147867447,-8.423004972887048,-6.91659523427865,-9.684167850999133,-2.674106037551646,0.667043186146226,-0.6670431861462259,1.2190283878998502,0.40931671300252886,7.457154909807362,6.050663364967703,8.201745245959849,6.912485677314806,-8.392723811603659,-7.407443307988453,-2.550178661684894,-2.212015073160765,2.1996551050294424,1.7770734881298242,9.425878464368397,8.560552774036521,8.806837132017705,10.819885872471442,-7.299550926512606,-7.445140694792089,9.968312001396347,-0.709959782120863,-0.7365767889804958,-0.9625170981190735,-0.3862648472498946,0.38626484724988863,-0.16892736687935977,1.2891844326489201,2.557811214346858,5.7764596545552775,1.6451748836467879,1.6452160974058887,-0.1392404305905697,0.13924043059056626,-0.8504292784631741,0.6473913480046537,-1.4707395605267304,-0.01129549495712456,-0.46169863391842353,-0.27276747489285025,1.0671101674058874,1.9254722668081228,5.070201864774596,3.3604473561206762,1.4143135728332121,-1.414313572833213,-0.25663647299794473,8.861314877194355,10.376841688886874,6.436353187228458,4.352133352430827,5.033574896767972,3.880804460182084,2.012126470352386,-0.30478264514016135,0.3047826451401654,-0.48771553679481733,0.8636960614286436,1.145959496512811,-1.3615165704131567,-0.4372929020252404,0.39115863200181566,0.1444954128974558,-0.7241155321828152,0.06110770446662525,-0.10359638404818444,-0.11425333785566205,0.11425333785566574,-0.7837593000262428,-0.9777519382418706,-0.9316361694351168,-0.26229969361369804,-0.34251199120103254,1.8099762397568293
28,-0.12234819857053338,-1.3825091325552075,3.030089146037826,2.7021575798005903,0.7595100990447589,-0.7595100990448129,20.72745236511983,17.99947723535553,22.80185894740393,27.346817459963145,26.48677612878345,15.994253150078984,37.27315540359767,38.86713869709286,33.39224225096914,35.26972437587072,20.823027502794513,30.291785059025322,27.558570864557797,29.02883401879996,34.7938372700026,36.204753585346545,33.52468894752918,16.626245723294094,41.655981088024824,30.786694270727246,12.822057171454308,20.721863050694495,20.27350618382636,22.434314289951235,17.11581502697767,14.279242445552617,36.91778210507,38.69516440743095,40.48071424530886,36.154066346439606,36.51734701001387,34.17102261307427,30.274911511004852,28.877853374190916,31.10451121513945,29.78153289126828,18.69666994628618,34.21654794192005,16.569745210479034,40.105879779613595,31.654500010156607,10.994746568344286,1.1478639806024067,-0.12852337123031468,0.128523371230319,-0.3202719196183835,-0.052633824479160506,-0.2623176218278159,-1.1944894829374486,-1.8893890325088025,-1.0197238735157534,3.6430174674345976,4.239882218441119,0.8532110201456091,1.820731315574922,-0.14262146963958813,0.5474380839668486,1.7541967844323232,2.244470700656755,1.5698355266574462,0.722583857234512,3.572273986653852,2.9066509131780793,-1.808964360788045,-0.9323624237078434,-1.132108790977219,-1.0798433982649913,-0.7880726862945339,0.7880726862945401,0.4557886366294786,3.24736320541657,3.429318187431431,7.285979251366584,2.1843985258109266,2.1849568272470408,0.7878961844131824,-0.7878961844131769,-0.3179423695890359,-0.626327366685573,-1.796224453324039,0.21910075592934689,0.7046197947975545,2.825273771335403,4.0940011704098636,2.4746357539767008,4.384947150431435,-6.909735976038405,-4.09612301042607,4.096123010426094,2.6803838250573357,-2.652071551199605,-3.141302493226016,-3.9203524743904996,-5.1637276265347305,-2.251600950570073,10.332764550290396,0.021388063291453107,-0.6417281547273642,0.6417281547273697,0.3576859379267356,3.1555872008748835,2.2759644425215555,5.471754462850123,6.660991127056998,7.28191761806282,2.282475841216362,1.81504638926929,1.1536400678742886,0.32401893942805166,-0.2094991858972018,0.20949918589719344,0.09354000242342247,1.5834831767381603,1.5800400658327238,8.614409958006195,8.506816456946428,7.31578463983401
29,1.0450445209373833,2.3404164163539125,9.261931587234516,9.878008405020404,0.30696155955514715,-0.30696155955514476,-3.5409473436086767,-2.3476832388129165,-3.3740363147583765,0.7962331614903901,1.2779508156980308,-1.1026749441469919,-6.286545443476025,-3.835074127533225,-3.7704811913449476,-3.93591797094832,-4.541045948659466,-4.820724476608997,-2.268774983236111,-5.305708292698668,0.04885691830193228,1.2288977107495738,-0.5514394635978229,-4.157906473378316,1.0057391073172057,0.5657799946957351,1.0535487665675496,-4.159972886891524,-2.802328008851083,-0.6289079738854156,1.2765610898661992,0.8996189178430716,-4.556045941065413,-2.3801854117159675,-1.6607465860911,-4.7946500183285865,-2.7380199720469744,-3.6476366096791875,-2.6355822544744867,-2.3686359162688566,-4.577884983345345,-2.0149173038469663,0.11596111055086104,-0.09755630547424327,-4.742418295291805,0.8913363558314723,0.2793340639825775,-0.15690166551814697,-0.4550502757976982,0.7312217855543314,-0.731221785554331,-0.21909543224235936,0.4522034905500777,1.7840099697789051,2.58929876283013,3.970995501709172,3.5238509015396353,-0.9297874433712461,-0.1999524451482451,0.5733282103677043,1.8217635612283365,5.149021567132416,6.699200721474875,6.857393965871051,4.859493474976255,6.834889822713065,8.319467667198738,1.2868903734203687,1.6133608359252527,-17.163547138213463,-2.620035440537066,-1.6663075709689663,-0.3951350401366876,-0.9120654763012046,0.9120654763012045,0.7196212832465264,2.6096253496862523,3.8040593616001632,4.25481297891785,6.946682238882913,6.945908696885573,-0.9453584542818994,0.9453584542818994,-0.1737927219469236,-2.479959436307181,-3.9242597144045877,-2.0348999929887994,-2.9734217008595505,-3.974548354208702,-3.442491655343607,-5.814828064671641,-12.139520853821876,-5.506618971038803,-0.6178972368087564,0.6178972368087539,2.994196780581986,-6.493647457820772,-6.443408189188837,-4.75315557798669,-5.507524944524638,-2.8617566470271107,41.20794952440791,-3.6219542278249,-1.365551195618573,1.3655511956185742,0.8144917838881406,2.5894240848458816,2.6288264926018883,3.322088196455328,2.9053555555741473,1.4996188668715578,6.563706147046822,-1.2042867021346328,0.13390948677331496,-0.6039860102384873,-0.32750361582411397,0.32750361582411197,-0.8533031634232264,-0.3076796811215198,-1.0656204723392233,1.1027624309786384,1.108597369774171,7.228682344707067
30,55.829015678705495,58.19829349556772,54.82022428922259,55.23479447792454,-4.690585974740472,4.6905859747404,42.46182617387496,35.43909870174342,39.90123149433585,21.689335632204493,19.43099094886737,45.19660168237997,40.26886104089751,27.28273822486995,28.389627880766827,29.15676120483485,70.75355171486756,41.73127937930416,35.753493385733876,49.67088816925974,22.206753036878567,22.60592513049482,-13.9872112207714,-0.850982229571691,3.012619713064479,2.3041249791194613,-13.434879584860838,32.38268475045751,34.690848696956195,54.16949045481633,14.665421811532582,12.756133809188151,26.304502658438526,19.469546593868674,10.400050660266245,7.7520492355411825,11.603619004883978,27.475578740677214,32.08810936041904,32.32610555426221,37.66104357950523,49.00885306278146,65.54950531812972,-9.336892628313574,11.869836528576316,3.828134125385991,2.495486808475701,-13.05054129707783,-0.8767764695132415,0.09331003633674295,-0.09331003633674302,-0.6812093634365535,-0.24975950352991352,-4.252739924666882,-4.340950220141291,-5.243422629798627,-6.307701469454278,-1.7443674437042582,-1.158533018134159,2.171001547547287,1.7918094541960066,-3.902596704069619,-4.024738503332654,-19.91118911094171,-19.8703774055577,-22.02580376357503,-23.038743950908007,-1.2002010107979604,-1.6641551745008603,23.154995334504612,1.0589575500614392,-0.6613953607731653,-0.07986046485522025,1.115542516878007,-1.1155425168780055,-1.7531427156626647,-0.9384207876148994,0.6969753972018194,-6.778986907320845,12.845646082615781,12.845811895372314,0.46891755867690277,-0.46891755867689827,-2.2831332649404965,-2.0392563496475344,-3.961182967006374,-5.201814759968618,-5.285223028802981,-10.747857889339063,-10.365555473166594,-20.99788077315198,-8.95217151752141,7.985210903878545,-1.5482832001022755,1.5482832001022782,0.32340372487620234,-30.89859076346523,-30.31979202822772,-22.059404423420002,-22.06811168221675,-24.089012140420298,-9.402067337516353,4.743780469098597,0.821780827703175,-0.8217808277031686,-0.8910106634397617,-2.4146568116329745,-3.6917018218200623,-7.06745217490428,-7.9205652939543585,-4.96812011640828,-3.458085899294758,0.7535375721929932,2.0558246602262664,0.6585483525596875,2.157635882163522,-2.1576358821635244,-2.082778761720128,-2.1388184549814926,-2.5609013575525843,-7.947692061825413,-6.7055258293165485,-14.629525110228375
31,15.602282068986703,13.615817595067563,10.744737497177313,9.68511831418143,-0.49292249449387565,0.4929224944938709,5.629056878483337,12.264521173051701,2.479537514230828,10.757157171803465,10.593012129609498,-7.189169230754779,-0.2220413755487574,3.3864233121381426,11.0246764296041,3.711308662651547,-25.643181256386747,6.096410527578326,11.66637412683212,-2.682962539718838,6.464058686391444,7.092759769586468,-19.429340222391914,-1.847691815622076,-12.664888449738894,-12.685777457817627,-11.272284518859882,11.531259246495527,11.88073662720072,-5.4541907236517035,-16.880698307200795,-16.006798584339382,5.602074148683106,4.7363106770312235,-8.584184506453651,-18.062693385347835,-9.03019761691909,10.67580681935218,10.734476175081015,11.806212586513809,0.20591948711395466,-4.0831047363096,-9.881542611452721,-17.6211827586074,-1.5595824786588721,-12.681931168487393,-13.216043084736821,-13.580063740914698,0.22438682258875406,0.15919648025731487,-0.15919648025731545,-0.9968348956231643,-0.9343305336858061,-6.875477302087899,-6.996092514111516,-6.885004129343377,-7.6168839164895275,1.5600460849986069,2.501709413652025,1.3793233020154505,1.2103878887576842,-1.4831908732229047,-1.7833087274206196,-12.68243773993587,-13.605753185058372,-22.267904267610106,-19.35360971323183,3.6989893163339134,2.9645293183239065,-12.312199053955759,1.4515161050058554,1.0071482801997471,1.1225494117846153,0.20511888819965537,-0.2051188881996563,0.04516225656827398,0.1254642414882261,0.39218228876761835,0.7630051421674112,-13.913105502580773,-13.913700005918415,0.4421083133212677,-0.44210831332127304,-0.07925414569392084,-1.2950820414155906,-2.5829667373942184,-2.5032634732300876,-3.1232848535492352,-6.261023763808234,-5.872773817236313,-8.585516778549335,-12.189197707771946,1.4055245721203926,1.5489675516746553,-1.5489675516746624,-1.1406407875832187,-15.99652224361029,-15.011323379688566,-16.289832355645437,-16.111644133243658,-14.053697626586171,-3.1735300566222047,0.6917506258641196,0.24059465173969874,-0.24059465173970157,-0.4466695415814577,-1.0069912720479235,-1.9986452726483268,-3.1541671139616922,-4.544634068809386,-15.929727818380872,-11.51427097515238,-2.0279237286006166,-1.8324283259615999,-0.02272451871210731,-0.3973875692169684,0.39738756921696755,-0.039113683239374454,-0.06585623915536165,0.6137568873894592,-1.9341793398607594,-2.443497652823731,-11.59129720261874
32,-13.570163265092411,-15.906183080731958,-10.890804859862344,-11.484650516085718,0.6965523314557096,-0.696552331455709,4.25407713467544,4.111069005656719,3.764356830220631,6.726967152935553,5.742001436003071,-2.8044097441078293,0.9606047067092061,-1.2588060538776926,1.6201543871729278,2.0975439234030775,-0.9739875597007882,1.863711249450983,2.894297182876845,2.649878700099256,5.170993409701573,5.2911624626374225,5.663221280784459,-3.6549937770273613,6.642704537873944,7.9089463840988,6.334877846837995,1.9430475507017668,3.0795311449396103,4.792389876206903,9.464909067307136,10.717810520053042,-0.6099466922329682,2.8497010482845813,3.0262561151475733,3.471450990151101,5.829778113173322,2.3251497961794083,1.1296264169973906,0.8209202517696353,1.8497337933341904,1.4860524654093716,7.4216202158616085,5.8176306050674444,-4.924564246914861,5.317030087875274,6.777782670788701,5.041104540728501,-2.7294044954640975,0.21038445111109344,-0.21038445111109513,4.757150408904347,4.421999597358704,20.632076433151532,20.019597569451815,28.597771706839392,27.84182422145457,-8.445937810253673,-9.021916578341145,-2.7146972533095286,-2.4545671306374706,17.92920015101468,18.554958052686228,39.0043297768804,40.30878168646325,41.66264517775831,41.97744100031129,-7.326553113320659,-7.317473263945727,16.367215777415286,0.5918312701311929,0.4759069146222646,0.20438242983618535,-0.16801598778337182,0.16801598778337415,-0.569746072699338,-1.1864696530157206,-1.1583996739110807,4.01442314905905,13.569669141484546,13.569283163674127,-0.6925560663483447,0.6925560663483473,0.9431221880222929,4.3917882065615075,4.242959982380446,8.505102510964056,8.258541141661224,13.113388655541584,14.061045550673317,24.25847761757263,19.59300361342267,3.4625533159887527,1.5581255643786485,-1.5581255643786434,-0.8144163740126438,23.786094704924768,24.612874139735364,26.40782246768446,26.30270238808211,23.34538233957638,-4.96761347096221,-4.348103511059195,-0.817566749345747,0.8175667493457488,0.17616670826679875,-0.4099255815060535,0.4020825277577077,-0.005931812717307947,-1.9682320358828076,6.971374283795014,6.9120035460792115,-6.696050904173153,-6.355508336875654,-1.6877608732276552,-1.9614461880428122,1.9614461880428096,1.353248504769038,4.9365636159267945,4.933733969016483,6.702062163048739,6.040337073911379,10.005712410200736
33,9.977785876622212,18.270793284477637,14.885234051943023,15.877304472985093,-0.7363270567271977,0.7363270567271986,-5.138261478260974,-7.9307349389721145,-6.664034240371895,-6.467263827041492,-5.652321822160618,-3.8742561907048,-4.1527295586097654,0.7715365511818956,-4.650288564208742,-4.748097002967678,-7.204440634208447,-6.5230456499526435,-6.359075837668148,-2.8892821750373567,-3.081063798969228,-4.088854658244583,-4.4948872311879535,-1.8546704797547564,-4.793201729394294,-5.180988860309729,-3.304639665730297,-5.866900330892944,-5.358431649759734,-9.732938158041774,-5.710589434521851,-5.258656649432657,-3.1090188398749703,-2.6085708722863266,-0.6494329098915221,-4.380858489187742,-2.874910962666205,-3.758480535239861,-5.173429222134279,-5.291419180993712,-4.254452530193406,-5.838134766241567,-8.012006410932537,-4.50667421665995,-3.2626203750314775,-3.5129177003402474,-5.7652543229496445,-3.631762287738012,1.060781221600792,0.22281017584579355,-0.22281017584578833,0.8688359404033653,0.42876724175076547,0.35288696605693937,-0.15191320450303555,-0.5653105833404836,0.27083249684810384,-0.28064587749544956,-1.4542812662887312,0.43879523792354225,1.5089637853366635,2.074079959984137,2.000968217725133,3.7490880622676084,2.2072387535319424,3.0175070117159306,3.8320930792979486,0.0515147625381142,-0.009030797780644556,-9.4653960913198,13.085906629544416,16.378412951261136,2.3934314576673343,2.6372966758912986,-2.6372966758912995,-4.122076267397549,-3.7696803292310657,-5.917532404203956,-6.049007287519145,9.757858627943008,9.75800804538146,-0.19805245352420028,0.19805245352419917,1.4306665007707118,-0.9999353125333218,0.6210841500337244,2.3855086117393065,0.34916099834341574,2.3510013646290964,3.201898331927864,1.856077239406729,-26.500526226975516,-38.02328927759977,-12.69817173203583,12.698171732035837,11.292422747775644,-20.791377992850574,-24.14791067675678,-26.92598375664891,-27.768543550775547,-25.805970336837827,5.907921594852815,-4.868154583860041,-1.6074559180546653,1.6074559180546661,2.3475791967921236,8.087281266950757,7.3271560576459125,10.480932509098585,14.9784471857157,7.303814558368832,9.81207289059523,2.954715454593469,2.2543375367583502,-1.1501913300430517,-1.4967088077666992,1.4967088077667001,1.0031741494093143,1.0558934912332216,1.5785433472770292,4.45453933834236,3.313874230179796,12.844741005607636
34,-11.60454444096322,-9.718462084953732,-12.001715150471641,-12.653489494987827,-0.6106912651990993,0.6106912651990822,14.906492960845123,3.2470438747678547,11.625912157776824,1.3767811558005965,0.47129568131514127,10.101206099148902,15.434891104699592,16.196631341428027,20.83564653989208,17.31118930699065,17.48192140441578,7.521786595969471,-1.5123199429211862,11.748081864065789,-1.410385636210147,-1.0651816035417734,-0.5780247188457133,-0.31459092747422784,-3.4948468184602763,-3.8341326786831655,-1.5419849334334725,7.673050236740776,2.4298902273244676,-4.891115411822942,1.417416461782075,2.0223467193203075,18.53009318271561,16.374719098923364,18.97829634948257,1.3425507568005648,1.9969280669218419,21.12255646583283,1.407410674318965,-0.005706126949052703,6.344100586015888,-10.09131414122481,-0.40577371259078726,0.17565865026598432,3.5381711648051684,-3.2257802944575693,-2.3403891641794554,-0.3773867304111414,-0.44552152475780565,0.29310172760972214,-0.2931017276097223,-0.4940360460426692,-0.38257873027421097,-1.6770413354967786,-0.913167664866782,-2.1838548847045955,-2.608833358389836,1.1204129575034376,1.7586603884481784,2.0336268546240457,2.484674844430164,0.9675378731049116,1.3267901834181195,1.2127862909458533,0.5554897993135108,0.06997428986738384,-0.8283054979891397,3.0194681259487424,-0.08173710639790883,-0.8507754363554961,-2.265753040456063,-0.761263613507976,0.16456948801077664,-0.658902028460479,0.6589020284604804,0.3611137693519905,1.7938459795319806,0.3146112986705394,-0.42513263020001707,0.7356995756803729,0.7357211353358254,-1.1218895019803699,1.1218895019803743,1.6680056609196567,1.2920660824912287,2.0252072749662835,2.3895045790179967,2.47235283046028,2.940270372237472,2.253365978758869,5.694760860874277,7.457355986281393,-1.2743928444181263,0.7662930858155226,-0.7662930858155186,-0.9674162872872665,5.816195096036431,5.470097523076007,8.816316454748547,7.86244087038772,10.743442113583745,1.5674400422037245,-0.8320025243901754,-0.40915860003451054,0.4091586000345099,-0.5337047730615684,-0.04749498111255415,0.7368922692617075,-1.6076031987773587,-1.0455666134235677,0.2864840617430726,1.3129508684737612,-0.7350638975216093,0.3140007208257932,1.3123202347771896,0.20654004769865772,-0.20654004769865833,-1.3989398724339157,0.07045050974456556,1.173247930592821,-0.5546103128221643,-0.21923377051389084,4.662503140510565
35,8.777172426089873,10.763120430313167,7.328313199312843,6.4003648162666735,0.7917217947309693,-0.7917217947309835,-4.600048353636506,4.201748101904209,0.6077120202634488,4.570007778653969,4.078406295798283,-5.681898308938187,-0.3675062120723114,6.167002468332557,4.715915748804511,1.1860094612376675,-0.5219226543069972,-1.4065924457121006,5.329564699527429,-2.1348646015201687,9.055664496663422,10.708674769888535,8.769083587355034,3.1825931173527513,7.605333470773251,4.323787354485233,4.5564545652618245,5.549064252011782,6.4048946230778485,-1.8787293918360368,4.524511787113923,1.9732939864560568,6.861819510277912,9.593038845117169,17.677413019422637,6.258552328693357,15.908754696921838,5.686019329853558,9.940031004431745,8.992251279371109,1.5973060703159172,0.8938097641153878,5.450775193313302,16.779814276956746,9.451804330094454,14.927439752911727,8.314005645758117,7.370928769735279,-3.065621957505067,0.6929973434796561,-0.6929973434796542,0.433240680398223,-0.2484166110030731,-0.5854246622152015,2.8790735717576963,1.2536637625554143,0.9985349961669853,-0.12407113934281491,0.7909127674144234,-0.5730717471083162,-0.909699158253846,2.790707695984371,3.616606036301215,5.992595001609272,3.4440125637462855,6.379439468584608,4.671615011827428,-0.600475297325232,-0.4096750985015576,-3.5991017868093005,-2.8989772027397804,-3.7072651388142517,-0.7500536671337534,-0.196140585573283,0.19614058557328667,1.8840744491256232,-3.0431694918060725,-1.9405738704712103,-5.95458272929608,4.44611602880766,4.446576441094757,-4.088274914084112,4.088274914084117,5.255762032810344,6.573986995134004,5.762862316956479,10.757906509780153,10.235290808730378,11.920202114024072,12.06336370573039,9.300055527652018,-5.489565088409938,-19.943979721254596,1.3937711253163645,-1.3937711253163827,1.3356578022574126,0.8519559819202766,-0.40537713703233935,-1.8667107092090407,0.09287684529184657,5.151158955865144,-1.9710344211144444,-7.47423046959757,-2.8683737089761157,2.868373708976123,3.91686289793096,6.140908288621894,7.317168299688694,7.709663911185389,9.900867921978016,6.887110200429567,9.459243013987477,1.8112068746633845,1.7797493709828822,-0.41997706834476234,-0.5470187955836269,0.5470187955836247,0.2090509516102448,0.4210518743545028,1.131676608971307,10.783941878172007,11.850510372797862,10.44491698896499
36,1.0952056338157465,2.5586305897209067,8.843455544260909,7.655447702034406,-1.6517192989209473,1.651719298920965,-10.314422429723837,-8.338698260838093,-7.459358031973876,-6.519129115879251,-2.715459772467246,-2.82101676011921,-4.212936635939911,2.5647099157804747,-9.26770456645031,-5.2619103658712785,-6.153017380306418,-7.74198718846265,-7.463122946577367,-7.527219926476532,-4.7800425126684445,-2.7161598803335454,-3.760022209906701,-2.9231305398804706,-2.155186383940056,-2.9162406060848602,-0.7087933178143242,-8.267685890861175,-8.715717575032539,-5.977175776503285,-3.3652013474152382,-4.003705597009683,-6.382328539530941,-3.407807262990096,0.332737322610773,-4.60048036533786,-1.4019663809325653,-10.426050414415375,-7.014916921879416,-5.868456740645518,-3.4933143892070047,-5.184528510311862,4.742494690363399,-5.042859953427429,-4.975360430737006,-2.244873002573847,-4.9431643927495665,0.47954701072398065,1.093082941956788,0.7227929002564116,-0.72279290025641,-0.7997064645878986,3.2281962839589835,4.739256417207939,5.682665278939645,6.108151912039256,6.617445467909125,5.165633663970501,5.444824956823575,3.695139629246937,3.1380712500748764,4.986327601654749,8.510381525696896,7.21538932566459,6.7514852432564245,24.353914138301764,14.013491528526094,10.036406822834731,8.944056128180659,4.638954137578327,4.263217824176884,4.793631807703194,-0.8515976553588733,0.3505895880560302,-0.35058958805603113,-0.8388237905043124,1.0470880658289539,0.2401137489335568,5.101959911005728,5.93354458978282,5.933062024027709,-1.7391835555253568,1.7391835555253576,4.806649615662914,1.560634699425356,2.970773605489354,-1.5304983540443056,-2.6743782051667915,-4.919791640255508,-5.0306158914507515,-3.540730766190037,-7.092379141776595,6.0604658928949044,-0.20178998202148288,0.20178998202148313,0.9470356127883836,-10.018639982902641,-8.538986272763585,-6.865664989294433,-7.786828368250849,-9.878044835795254,-16.657120434317363,1.1364560993135118,-2.537403096804511,2.537403096804512,-1.089501384570728,6.9341780350416835,10.075609073921566,5.7160706415907185,4.865354211181826,4.904448758928617,11.480325036943352,-0.5193814197213847,-6.045414156952058,-2.1509726171160777,-3.0035829612644886,3.003582961264488,1.1765461582898735,-3.56026107582657,-3.031381077872696,8.392046571206528,6.178262445453842,16.314370796427376
37,-2.4402319738720952,-3.730775090599441,-9.386621465738152,-6.818634102678767,1.569810182169954,-1.56981018216993,-4.318671647834029,-6.65208061931158,-7.94528789798267,-9.60837700436684,-4.887319031641252,3.1566238277700656,3.3862224870617905,-6.367529417610444,-7.078669116028011,-12.679614168679251,-6.788505378946082,-5.661403695356117,-7.642008336136528,-9.940317812776266,-10.946872855577489,-10.474287443156825,-5.354311884361421,-5.43108149252164,-9.158306240907805,-9.145594432285508,-7.918129494635882,-6.560084091043202,-6.715032661144018,-6.984168955419384,-7.398252685999071,-7.582324144533986,5.854667120367319,5.317297889226861,-8.84487516479923,-3.852664167917846,-6.910892312701354,-7.47325395120481,-7.107904396065223,-7.013238070651146,-9.354224711835348,-8.172205407214589,-3.514793471889057,-5.472762335368166,-5.094305585245464,-7.9849371768862705,-10.336241835788623,-9.219569031259438,-0.5288109655565519,-0.44706169654585914,0.44706169654585165,0.9645276843326835,-1.3897755484912797,1.0229503020519657,1.4806429499696403,-0.650246095170196,-0.010522927298613963,-0.5162333317878979,-0.34303848696375505,-2.1358434834424296,-3.6867774152355746,-3.6308272743397016,-3.3807644451176273,8.162758084990237,5.201476838338716,-1.4624456234364074,0.5188217723312841,-2.0734507519707783,-0.48723918288696777,2.3778488375889286,-0.4753217695305401,-1.4048611070456074,-1.243464619302108,0.9517990493543897,-0.9517990493543963,-0.442479304614782,-0.6050018167269616,1.679790869015824,4.2391203041097745,-3.3257194182849448,-3.325546854989865,0.16216916360365174,-0.16216916360364467,-1.5245900068834113,-1.1062345623469132,-1.324288436262845,-3.007571555835477,-2.428716192645273,-5.269644240996626,-3.5132194436278295,-4.2564862901782,1.5735721132895435,-0.012128904034704372,0.13379513179533375,-0.1337951317953292,0.5744643857489197,0.5838615428473449,1.6589223079788136,3.749549292739936,1.3055084764589386,5.102805383526732,-1.5049561409326508,-1.4687423253326464,-0.45593594104323065,0.4559359410432232,0.20807960070519121,1.3138512769764457,1.5016016569419182,2.610925096710963,1.4028734065093311,0.05576188451683806,1.813642459800709,-1.8196403861786168,-0.8800965804475949,-0.0075879047403965335,-1.0725288625177585,1.072528862517756,1.122992781149512,-1.506847693331416,0.21231478457319414,-0.1093945066625569,-0.5664684601938905,5.702764753745389
